t,shoulder_pan_joint,shoulder_lift_joint,elbow_joint,wrist_1_joint,wrist_2_joint,wrist_3_joint,gripper_goal_raw
0.016667,-0.000004,-1.570785,1.570788,-1.570863,-1.570800,0.000004,0.000000
0.033333,-0.000014,-1.570741,1.570754,-1.571050,-1.570800,0.000014,0.000000
0.050000,-0.000032,-1.570667,1.570696,-1.571363,-1.570800,0.000032,0.000000
0.066667,-0.000057,-1.570563,1.570616,-1.571798,-1.570800,0.000057,0.000000
0.083333,-0.000089,-1.570431,1.570513,-1.572357,-1.570800,0.000089,0.000000
0.100000,-0.000127,-1.570270,1.570387,-1.573039,-1.570800,0.000127,0.000000
0.133333,-0.000226,-1.569860,1.570069,-1.574767,-1.570800,0.000226,0.000000
0.150000,-0.000285,-1.569613,1.569877,-1.575812,-1.570800,0.000285,0.000000
0.166667,-0.000352,-1.569337,1.569662,-1.576977,-1.570800,0.000352,0.000000
0.183333,-0.000425,-1.569033,1.569425,-1.578262,-1.570800,0.000425,0.000000
0.200000,-0.000505,-1.568700,1.569167,-1.579665,-1.570800,0.000505,0.000000
0.233333,-0.000685,-1.567952,1.568585,-1.582825,-1.570800,0.000685,0.000000
0.250000,-0.000785,-1.567536,1.568261,-1.584580,-1.570800,0.000785,0.000000
0.266667,-0.000891,-1.567093,1.567916,-1.586452,-1.570800,0.000891,0.000000
0.283333,-0.001004,-1.566622,1.567550,-1.588439,-1.570800,0.001004,0.000000
0.300000,-0.001124,-1.566124,1.567163,-1.590541,-1.570800,0.001124,0.000000
0.333333,-0.001383,-1.565047,1.566326,-1.595088,-1.570800,0.001383,0.000000
0.350000,-0.001522,-1.564469,1.565875,-1.597531,-1.570800,0.001522,0.000000
0.366667,-0.001667,-1.563864,1.565405,-1.600086,-1.570800,0.001667,0.000000
0.383333,-0.001819,-1.563232,1.564913,-1.602754,-1.570800,0.001819,0.000000
0.400000,-0.001977,-1.562574,1.564402,-1.605532,-1.570800,0.001977,0.000000
0.433333,-0.002313,-1.561179,1.563317,-1.611420,-1.570800,0.002313,0.000000
0.450000,-0.002490,-1.560443,1.562744,-1.614528,-1.570800,0.002490,0.000000
0.466667,-0.002673,-1.559681,1.562152,-1.617744,-1.570800,0.002673,0.000000
0.483333,-0.002862,-1.558894,1.561539,-1.621069,-1.570800,0.002862,0.000000
0.500000,-0.003057,-1.558081,1.560907,-1.624500,-1.570800,0.003057,0.000000
0.533333,-0.003466,-1.556380,1.559584,-1.631684,-1.570800,0.003466,0.000000
0.550000,-0.003680,-1.555492,1.558893,-1.635434,-1.570800,0.003680,0.000000
0.566667,-0.003899,-1.554579,1.558183,-1.639289,-1.570800,0.003899,0.000000
0.583333,-0.004125,-1.553641,1.557453,-1.643248,-1.570800,0.004125,0.000000
0.600000,-0.004356,-1.552679,1.556705,-1.647310,-1.570800,0.004356,0.000000
0.633333,-0.004836,-1.550682,1.555151,-1.655744,-1.570800,0.004836,0.000000
0.650000,-0.005085,-1.549647,1.554346,-1.660113,-1.570800,0.005085,0.000000
0.666667,-0.005340,-1.548588,1.553523,-1.664584,-1.570800,0.005340,0.000000
0.683333,-0.005600,-1.547505,1.552681,-1.669154,-1.570800,0.005600,0.000000
0.700000,-0.005866,-1.546399,1.551820,-1.673825,-1.570800,0.005866,0.000000
0.733333,-0.006414,-1.544116,1.550045,-1.683463,-1.570800,0.006414,0.000000
0.750000,-0.006697,-1.542940,1.549130,-1.688429,-1.570800,0.006697,0.000000
0.766667,-0.006985,-1.541741,1.548197,-1.693492,-1.570800,0.006985,0.000000
0.783333,-0.007279,-1.540519,1.547247,-1.698652,-1.570800,0.007279,0.000000
0.800000,-0.007578,-1.539274,1.546278,-1.703908,-1.570800,0.007578,0.000000
0.833333,-0.008193,-1.536717,1.544289,-1.714705,-1.570800,0.008193,0.000000
0.850000,-0.008509,-1.535405,1.543269,-1.720245,-1.570800,0.008509,0.000000
0.866667,-0.008829,-1.534070,1.542231,-1.725879,-1.570800,0.008829,0.000000
0.883333,-0.009155,-1.532714,1.541176,-1.731605,-1.570800,0.009155,0.000000
0.900000,-0.009487,-1.531336,1.540104,-1.737424,-1.570800,0.009487,0.000000
0.933333,-0.010165,-1.528515,1.537910,-1.749335,-1.570800,0.010165,0.000000
0.950000,-0.010512,-1.527072,1.536788,-1.755426,-1.570800,0.010512,0.000000
0.966667,-0.010863,-1.525608,1.535649,-1.761607,-1.570800,0.010863,0.000000
0.983333,-0.011220,-1.524123,1.534494,-1.767877,-1.570800,0.011220,0.000000
1.000000,-0.011582,-1.522618,1.533323,-1.774235,-1.570800,0.011582,0.000000
1.033333,-0.012321,-1.519543,1.530932,-1.787214,-1.570800,0.012321,0.000000
1.050000,-0.012698,-1.517976,1.529712,-1.793834,-1.570800,0.012698,0.000000
1.066667,-0.013080,-1.516387,1.528477,-1.800539,-1.570800,0.013080,0.000000
1.083333,-0.013467,-1.514779,1.527226,-1.807330,-1.570800,0.013467,0.000000
1.100000,-0.013858,-1.513151,1.525959,-1.814205,-1.570800,0.013858,0.000000
1.133333,-0.014655,-1.509834,1.523380,-1.828207,-1.570800,0.014655,0.000000
1.150000,-0.015061,-1.508147,1.522067,-1.835333,-1.570800,0.015061,0.000000
1.166667,-0.015471,-1.506440,1.520739,-1.842540,-1.570800,0.015471,0.000000
1.183333,-0.015886,-1.504713,1.519397,-1.849829,-1.570800,0.015886,0.000000
1.200000,-0.016306,-1.502968,1.518039,-1.857199,-1.570800,0.016306,0.000000
1.233333,-0.017159,-1.499420,1.515279,-1.872178,-1.570800,0.017159,0.000000
1.250000,-0.017592,-1.497618,1.513878,-1.879786,-1.570800,0.017592,0.000000
1.266667,-0.018030,-1.495798,1.512462,-1.887473,-1.570800,0.018030,0.000000
1.283333,-0.018472,-1.493959,1.511031,-1.895237,-1.570800,0.018472,0.000000
1.300000,-0.018918,-1.492102,1.509587,-1.903078,-1.570800,0.018918,0.000000
1.333333,-0.019824,-1.488333,1.506656,-1.918990,-1.570800,0.019824,0.000000
1.350000,-0.020283,-1.486422,1.505169,-1.927058,-1.570800,0.020283,0.000000
1.366667,-0.020747,-1.484494,1.503669,-1.935201,-1.570800,0.020747,0.000000
1.383333,-0.021215,-1.482547,1.502155,-1.943418,-1.570800,0.021215,0.000000
1.400000,-0.021687,-1.480584,1.500628,-1.951708,-1.570800,0.021687,0.000000
1.433333,-0.022643,-1.476605,1.497534,-1.968506,-1.570800,0.022643,0.000000
1.450000,-0.023127,-1.474591,1.495967,-1.977012,-1.570800,0.023127,0.000000
1.466667,-0.023616,-1.472559,1.494387,-1.985589,-1.570800,0.023616,0.000000
1.483333,-0.024108,-1.470512,1.492794,-1.994236,-1.570800,0.024108,0.000000
1.500000,-0.024604,-1.468447,1.491188,-2.002952,-1.570800,0.024604,0.000000
1.533333,-0.025609,-1.464270,1.487938,-2.020591,-1.570800,0.025609,0.000000
1.550000,-0.026116,-1.462157,1.486295,-2.029511,-1.570800,0.026116,0.000000
1.566667,-0.026628,-1.460028,1.484639,-2.038499,-1.570800,0.026628,0.000000
1.583333,-0.027144,-1.457884,1.482971,-2.047553,-1.570800,0.027144,0.000000
1.600000,-0.027663,-1.455724,1.481291,-2.056673,-1.570800,0.027663,0.000000
1.633333,-0.028712,-1.451358,1.477895,-2.075107,-1.570800,0.028712,0.000000
1.650000,-0.029243,-1.449152,1.476180,-2.084420,-1.570800,0.029243,0.000000
1.666667,-0.029776,-1.446931,1.474452,-2.093796,-1.570800,0.029776,0.000000
1.683333,-0.030314,-1.444696,1.472714,-2.103234,-1.570800,0.030314,0.000000
1.700000,-0.030855,-1.442446,1.470963,-2.112735,-1.570800,0.030855,0.000000
1.733333,-0.031947,-1.437902,1.467429,-2.131919,-1.570800,0.031947,0.000000
1.750000,-0.032498,-1.435609,1.465646,-2.141601,-1.570800,0.032498,0.000000
1.766667,-0.033053,-1.433302,1.463851,-2.151342,-1.570800,0.033053,0.000000
1.783333,-0.033611,-1.430981,1.462046,-2.161143,-1.570800,0.033611,0.000000
1.800000,-0.034172,-1.428646,1.460229,-2.171001,-1.570800,0.034172,0.000000
1.833333,-0.035304,-1.423935,1.456566,-2.190890,-1.570800,0.035304,0.000000
1.850000,-0.035875,-1.421560,1.454718,-2.200918,-1.570800,0.035875,0.000000
1.866667,-0.036450,-1.419171,1.452860,-2.211003,-1.570800,0.036450,0.000000
1.883333,-0.037027,-1.416770,1.450992,-2.221142,-1.570800,0.037027,0.000000
1.900000,-0.037607,-1.414356,1.449115,-2.231335,-1.570800,0.037607,0.000000
1.933333,-0.038777,-1.409489,1.445329,-2.251883,-1.570800,0.038777,0.000000
1.950000,-0.039366,-1.407037,1.443422,-2.262236,-1.570800,0.039366,0.000000
1.966667,-0.039959,-1.404573,1.441505,-2.272640,-1.570800,0.039959,0.000000
1.983333,-0.040554,-1.402097,1.439579,-2.283095,-1.570800,0.040554,0.000000
2.000000,-0.041152,-1.399608,1.437644,-2.293601,-1.570800,0.041152,0.000000
2.033333,-0.042357,-1.394597,1.433745,-2.314762,-1.570800,0.042357,0.000000
2.050000,-0.042964,-1.392073,1.431783,-2.325416,-1.570800,0.042964,0.000000
2.066667,-0.043573,-1.389539,1.429811,-2.336118,-1.570800,0.043573,0.000000
2.083333,-0.044185,-1.386993,1.427831,-2.346867,-1.570800,0.044185,0.000000
2.100000,-0.044800,-1.384436,1.425842,-2.357663,-1.570800,0.044800,0.000000
2.133333,-0.046037,-1.379289,1.421839,-2.379392,-1.570800,0.046037,0.000000
2.150000,-0.046659,-1.376700,1.419825,-2.390324,-1.570800,0.046659,0.000000
2.166667,-0.047284,-1.374101,1.417803,-2.401300,-1.570800,0.047284,0.000000
2.183333,-0.047911,-1.371491,1.415773,-2.412320,-1.570800,0.047911,0.000000
2.200000,-0.048541,-1.368870,1.413735,-2.423383,-1.570800,0.048541,0.000000
2.233333,-0.049808,-1.363600,1.409636,-2.445635,-1.570800,0.049808,0.000000
2.250000,-0.050445,-1.360950,1.407575,-2.456822,-1.570800,0.050445,0.000000
2.266667,-0.051084,-1.358291,1.405506,-2.468050,-1.570800,0.051084,0.000000
2.283333,-0.051726,-1.355622,1.403431,-2.479318,-1.570800,0.051726,0.000000
2.300000,-0.052370,-1.352944,1.401347,-2.490625,-1.570800,0.052370,0.000000
2.333333,-0.053664,-1.347561,1.397160,-2.513354,-1.570800,0.053664,0.000000
2.350000,-0.054314,-1.344856,1.395056,-2.524775,-1.570800,0.054314,0.000000
2.366667,-0.054966,-1.342143,1.392946,-2.536232,-1.570800,0.054966,0.000000
2.383333,-0.055621,-1.339421,1.390828,-2.547725,-1.570800,0.055621,0.000000
2.400000,-0.056277,-1.336690,1.388705,-2.559254,-1.570800,0.056277,0.000000
2.433333,-0.057596,-1.331205,1.384438,-2.582415,-1.570800,0.057596,0.000000
2.450000,-0.058258,-1.328450,1.382295,-2.594045,-1.570800,0.058258,0.000000
2.466667,-0.058922,-1.325687,1.380147,-2.605709,-1.570800,0.058922,0.000000
2.483333,-0.059588,-1.322917,1.377992,-2.617405,-1.570800,0.059588,0.000000
2.500000,-0.060255,-1.320140,1.375831,-2.629132,-1.570800,0.060255,0.000000
2.533333,-0.061596,-1.314563,1.371494,-2.652679,-1.570800,0.061596,0.000000
2.550000,-0.062269,-1.311764,1.369316,-2.664497,-1.570800,0.062269,0.000000
2.566667,-0.062943,-1.308958,1.367134,-2.676344,-1.570800,0.062943,0.000000
2.583333,-0.063620,-1.306145,1.364946,-2.688220,-1.570800,0.063620,0.000000
2.600000,-0.064297,-1.303326,1.362753,-2.700123,-1.570800,0.064297,0.000000
2.633333,-0.065657,-1.297668,1.358353,-2.724011,-1.570800,0.065657,0.000000
2.650000,-0.066340,-1.294830,1.356145,-2.735994,-1.570800,0.066340,0.000000
2.666667,-0.067023,-1.291986,1.353933,-2.748002,-1.570800,0.067023,0.000000
2.683333,-0.067708,-1.289136,1.351716,-2.760035,-1.570800,0.067708,0.000000
2.700000,-0.068395,-1.286281,1.349495,-2.772092,-1.570800,0.068395,0.000000
2.733333,-0.069772,-1.280553,1.345040,-2.796275,-1.570800,0.069772,0.000000
2.750000,-0.070462,-1.277681,1.342806,-2.808399,-1.570800,0.070462,0.000000
2.766667,-0.071153,-1.274805,1.340569,-2.820546,-1.570800,0.071153,0.000000
2.783333,-0.071846,-1.271923,1.338327,-2.832713,-1.570800,0.071846,0.000000
2.800000,-0.072540,-1.269036,1.336082,-2.844900,-1.570800,0.072540,0.000000
2.833333,-0.073931,-1.263250,1.331581,-2.869333,-1.570800,0.073931,0.000000
2.850000,-0.074628,-1.260350,1.329325,-2.881577,-1.570800,0.074628,0.000000
2.866667,-0.075326,-1.257445,1.327067,-2.893839,-1.570800,0.075326,0.000000
2.883333,-0.076025,-1.254537,1.324804,-2.906118,-1.570800,0.076025,0.000000
2.900000,-0.076725,-1.251625,1.322539,-2.918413,-1.570800,0.076725,0.000000
2.933333,-0.078128,-1.245790,1.318001,-2.943050,-1.570800,0.078128,0.000000
2.950000,-0.078831,-1.242867,1.315727,-2.955391,-1.570800,0.078831,0.000000
2.966667,-0.079534,-1.239941,1.313451,-2.967745,-1.570800,0.079534,0.000000
2.983333,-0.080238,-1.237012,1.311173,-2.980113,-1.570800,0.080238,0.000000
3.000000,-0.080943,-1.234080,1.308892,-2.992493,-1.570800,0.080943,0.000000
3.033333,-0.082355,-1.228207,1.304324,-3.017289,-1.570800,0.082355,0.000000
3.050000,-0.083062,-1.225267,1.302037,-3.029703,-1.570800,0.083062,0.000000
3.066667,-0.083769,-1.222324,1.299748,-3.042128,-1.570800,0.083769,0.000000
3.083333,-0.084477,-1.219379,1.297458,-3.054562,-1.570800,0.084477,0.000000
3.100000,-0.085185,-1.216432,1.295166,-3.067004,-1.570800,0.085185,0.000000
3.133333,-0.086604,-1.210533,1.290577,-3.091914,-1.570800,0.086604,0.000000
3.150000,-0.087313,-1.207580,1.288280,-3.104379,-1.570800,0.087313,0.000000
3.166667,-0.088023,-1.204626,1.285983,-3.116851,-1.570800,0.088023,0.000000
3.183333,-0.088734,-1.201671,1.283684,-3.129328,-1.570800,0.088734,0.000000
3.200000,-0.089444,-1.198715,1.281385,-3.141811,-1.570800,0.089444,0.000000
3.233334,-0.090867,-1.192799,1.276783,-3.166788,-1.570800,0.090867,0.000000
3.250000,-0.091578,-1.189840,1.274482,-3.179282,-1.570800,0.091578,0.000000
3.266667,-0.092289,-1.186880,1.272179,-3.191778,-1.570800,0.092289,0.000000
3.283334,-0.093001,-1.183920,1.269877,-3.204276,-1.570800,0.093001,0.000000
3.300000,-0.093713,-1.180960,1.267574,-3.216775,-1.570800,0.093713,0.000000
3.333334,-0.095136,-1.175039,1.262969,-3.241775,-1.570800,0.095136,0.000000
3.350000,-0.095848,-1.172078,1.260666,-3.254274,-1.570800,0.095848,0.000000
3.366667,-0.096559,-1.169118,1.258364,-3.266772,-1.570800,0.096559,0.000000
3.383334,-0.097271,-1.166159,1.256062,-3.279268,-1.570800,0.097271,0.000000
3.400000,-0.097982,-1.163200,1.253760,-3.291762,-1.570800,0.097982,0.000000
3.433334,-0.099404,-1.157284,1.249159,-3.316738,-1.570800,0.099404,0.000000
3.450000,-0.100115,-1.154328,1.246859,-3.329220,-1.570800,0.100115,0.000000
3.466667,-0.100825,-1.151373,1.244561,-3.341697,-1.570800,0.100825,0.000000
3.483334,-0.101535,-1.148419,1.242263,-3.354169,-1.570800,0.101535,0.000000
3.500000,-0.102245,-1.145467,1.239967,-3.366634,-1.570800,0.102245,0.000000
3.533334,-0.103663,-1.139567,1.235378,-3.391542,-1.570800,0.103663,0.000000
3.550000,-0.104371,-1.136620,1.233086,-3.403984,-1.570800,0.104371,0.000000
3.566667,-0.105079,-1.133676,1.230796,-3.416417,-1.570800,0.105079,0.000000
3.583334,-0.105786,-1.130733,1.228507,-3.428841,-1.570800,0.105786,0.000000
3.600000,-0.106493,-1.127793,1.226220,-3.441255,-1.570800,0.106493,0.000000
3.633334,-0.107905,-1.121921,1.221653,-3.466049,-1.570800,0.107905,0.000000
3.650000,-0.108610,-1.118989,1.219372,-3.478429,-1.570800,0.108610,0.000000
3.666667,-0.109314,-1.116060,1.217094,-3.490796,-1.570800,0.109314,0.000000
3.683334,-0.110017,-1.113134,1.214818,-3.503149,-1.570800,0.110017,0.000000
3.700000,-0.110720,-1.110211,1.212545,-3.515489,-1.570800,0.110720,0.000000
3.733334,-0.112122,-1.104376,1.208006,-3.540124,-1.570800,0.112122,0.000000
3.750000,-0.112822,-1.101465,1.205742,-3.552418,-1.570800,0.112822,0.000000
3.766667,-0.113521,-1.098557,1.203480,-3.564696,-1.570800,0.113521,0.000000
3.783334,-0.114219,-1.095653,1.201221,-3.576956,-1.570800,0.114219,0.000000
3.800000,-0.114916,-1.092753,1.198966,-3.589199,-1.570800,0.114916,0.000000
3.833334,-0.116307,-1.086967,1.194465,-3.613629,-1.570800,0.116307,0.000000
3.850000,-0.117001,-1.084081,1.192220,-3.625815,-1.570800,0.117001,0.000000
3.866667,-0.117694,-1.081200,1.189979,-3.637981,-1.570800,0.117694,0.000000
3.883334,-0.118385,-1.078323,1.187742,-3.650126,-1.570800,0.118385,0.000000
3.900000,-0.119075,-1.075452,1.185508,-3.662249,-1.570800,0.119075,0.000000
3.933334,-0.120452,-1.069725,1.181054,-3.686429,-1.570800,0.120452,0.000000
3.950000,-0.121138,-1.066870,1.178833,-3.698484,-1.570800,0.121138,0.000000
3.966667,-0.121823,-1.064020,1.176616,-3.710515,-1.570800,0.121823,0.000000
3.983334,-0.122507,-1.061177,1.174405,-3.722522,-1.570800,0.122507,0.000000
4.000000,-0.123189,-1.058339,1.172197,-3.734503,-1.570800,0.123189,0.000000
4.033334,-0.124549,-1.052682,1.167797,-3.758387,-1.570800,0.124549,0.000000
4.050000,-0.125226,-1.049863,1.165605,-3.770288,-1.570800,0.125226,0.000000
4.066667,-0.125902,-1.047051,1.163417,-3.782162,-1.570800,0.125902,0.000000
4.083334,-0.126577,-1.044246,1.161235,-3.794008,-1.570800,0.126577,0.000000
4.100000,-0.127250,-1.041447,1.159058,-3.805824,-1.570800,0.127250,0.000000
4.133334,-0.128590,-1.035871,1.154721,-3.829366,-1.570800,0.128590,0.000000
4.150000,-0.129258,-1.033094,1.152561,-3.841092,-1.570800,0.129258,0.000000
4.166667,-0.129923,-1.030324,1.150407,-3.852785,-1.570800,0.129923,0.000000
4.183334,-0.130587,-1.027562,1.148259,-3.864447,-1.570800,0.130587,0.000000
4.200000,-0.131249,-1.024808,1.146117,-3.876075,-1.570800,0.131249,0.000000
4.233334,-0.132568,-1.019324,1.141851,-3.899231,-1.570800,0.132568,0.000000
4.250000,-0.133224,-1.016594,1.139727,-3.910757,-1.570800,0.133224,0.000000
4.266667,-0.133878,-1.013872,1.137610,-3.922248,-1.570800,0.133878,0.000000
4.283334,-0.134530,-1.011159,1.135500,-3.933703,-1.570800,0.134530,0.000000
4.300000,-0.135180,-1.008455,1.133397,-3.945121,-1.570800,0.135180,0.000000
4.333334,-0.136474,-1.003073,1.129211,-3.967845,-1.570800,0.136474,0.000000
4.350000,-0.137118,-1.000396,1.127128,-3.979149,-1.570800,0.137118,0.000000
4.366667,-0.137759,-0.997728,1.125053,-3.990414,-1.570800,0.137759,0.000000
4.383334,-0.138398,-0.995069,1.122985,-4.001640,-1.570800,0.138398,0.000000
4.400000,-0.139035,-0.992420,1.120924,-4.012825,-1.570800,0.139035,0.000000
4.433334,-0.140302,-0.987151,1.116826,-4.035071,-1.570800,0.140302,0.000000
4.450000,-0.140931,-0.984532,1.114789,-4.046131,-1.570800,0.140931,0.000000
4.466667,-0.141559,-0.981922,1.112759,-4.057148,-1.570800,0.141559,0.000000
4.483334,-0.142183,-0.979323,1.110737,-4.068121,-1.570800,0.142183,0.000000
4.500000,-0.142806,-0.976735,1.108724,-4.079050,-1.570800,0.142806,0.000000
4.533334,-0.144042,-0.971590,1.104722,-4.100773,-1.570800,0.144042,0.000000
4.550000,-0.144657,-0.969034,1.102734,-4.111566,-1.570800,0.144657,0.000000
4.566667,-0.145269,-0.966489,1.100754,-4.122311,-1.570800,0.145269,0.000000
4.583334,-0.145878,-0.963955,1.098783,-4.133010,-1.570800,0.145878,0.000000
4.600000,-0.146484,-0.961432,1.096821,-4.143660,-1.570800,0.146484,0.000000
4.633334,-0.147689,-0.956422,1.092924,-4.164815,-1.570800,0.147689,0.000000
4.650000,-0.148286,-0.953934,1.090989,-4.175317,-1.570800,0.148286,0.000000
4.666667,-0.148882,-0.951459,1.089064,-4.185769,-1.570800,0.148882,0.000000
4.683334,-0.149474,-0.948996,1.087148,-4.196170,-1.570800,0.149474,0.000000
4.700000,-0.150063,-0.946544,1.085241,-4.206519,-1.570800,0.150063,0.000000
4.733334,-0.151232,-0.941680,1.081457,-4.227060,-1.570800,0.151232,0.000000
4.750000,-0.151813,-0.939266,1.079580,-4.237249,-1.570800,0.151813,0.000000
4.766667,-0.152390,-0.936866,1.077713,-4.247385,-1.570800,0.152390,0.000000
4.783334,-0.152964,-0.934478,1.075856,-4.257466,-1.570800,0.152964,0.000000
4.800000,-0.153534,-0.932104,1.074009,-4.267491,-1.570800,0.153534,0.000000
4.833334,-0.154666,-0.927395,1.070347,-4.287371,-1.570800,0.154666,0.000000
4.850000,-0.155227,-0.925061,1.068531,-4.297226,-1.570800,0.155227,0.000000
4.866667,-0.155785,-0.922741,1.066727,-4.307022,-1.570800,0.155785,0.000000
4.883334,-0.156339,-0.920435,1.064933,-4.316759,-1.570800,0.156339,0.000000
4.900000,-0.156890,-0.918142,1.063150,-4.326438,-1.570800,0.156890,0.000000
4.933334,-0.157982,-0.913601,1.059617,-4.345613,-1.570800,0.157982,0.000000
4.950000,-0.158523,-0.911352,1.057868,-4.355109,-1.570800,0.158523,0.000000
4.966667,-0.159060,-0.909117,1.056130,-4.364544,-1.570800,0.159060,0.000000
4.983334,-0.159594,-0.906898,1.054403,-4.373916,-1.570800,0.159594,0.000000
5.000000,-0.160124,-0.904693,1.052688,-4.383224,-1.570800,0.160124,0.000000
5.033334,-0.161173,-0.900329,1.049294,-4.401649,-1.570800,0.161173,0.000000
5.050000,-0.161692,-0.898170,1.047615,-4.410765,-1.570800,0.161692,0.000000
5.066667,-0.162207,-0.896027,1.045948,-4.419814,-1.570800,0.162207,0.000000
5.083334,-0.162718,-0.893899,1.044293,-4.428797,-1.570800,0.162718,0.000000
5.100000,-0.163226,-0.891787,1.042650,-4.437714,-1.570800,0.163226,0.000000
5.133334,-0.164230,-0.887612,1.039402,-4.455343,-1.570800,0.164230,0.000000
5.150000,-0.164726,-0.885549,1.037798,-4.464055,-1.570800,0.164726,0.000000
5.166667,-0.165218,-0.883502,1.036206,-4.472697,-1.570800,0.165218,0.000000
5.183334,-0.165706,-0.881472,1.034626,-4.481269,-1.570800,0.165706,0.000000
5.200000,-0.166190,-0.879458,1.033060,-4.489770,-1.570800,0.166190,0.000000
5.233334,-0.167145,-0.875482,1.029968,-4.506558,-1.570800,0.167145,0.000000
5.250000,-0.167617,-0.873520,1.028441,-4.514843,-1.570800,0.167617,0.000000
5.266667,-0.168085,-0.871575,1.026928,-4.523055,-1.570800,0.168085,0.000000
5.283334,-0.168548,-0.869647,1.025429,-4.531193,-1.570800,0.168548,0.000000
5.300000,-0.169007,-0.867737,1.023944,-4.539256,-1.570800,0.169007,0.000000
5.333334,-0.169912,-0.863971,1.021014,-4.555157,-1.570800,0.169912,0.000000
5.350000,-0.170359,-0.862116,1.019571,-4.562993,-1.570800,0.170359,0.000000
5.366667,-0.170800,-0.860278,1.018141,-4.570752,-1.570800,0.170800,0.000000
5.383334,-0.171238,-0.858459,1.016726,-4.578434,-1.570800,0.171238,0.000000
5.400000,-0.171671,-0.856658,1.015326,-4.586037,-1.570800,0.171671,0.000000
5.433334,-0.172523,-0.853113,1.012568,-4.601005,-1.570800,0.172523,0.000000
5.450000,-0.172942,-0.851368,1.011212,-4.608369,-1.570800,0.172942,0.000000
5.466667,-0.173357,-0.849643,1.009870,-4.615653,-1.570800,0.173357,0.000000
5.483334,-0.173767,-0.847938,1.008543,-4.622855,-1.570800,0.173767,0.000000
5.500000,-0.174172,-0.846251,1.007231,-4.629974,-1.570800,0.174172,0.000000
5.533334,-0.174969,-0.842938,1.004654,-4.643965,-1.570800,0.174969,0.000000
5.550000,-0.175360,-0.841311,1.003389,-4.650835,-1.570800,0.175360,0.000000
5.566667,-0.175746,-0.839704,1.002139,-4.657620,-1.570800,0.175746,0.000000
5.583334,-0.176128,-0.838117,1.000904,-4.664319,-1.570800,0.176128,0.000000
5.600000,-0.176504,-0.836551,0.999686,-4.670933,-1.570800,0.176504,0.000000
5.633334,-0.177242,-0.833479,0.997297,-4.683900,-1.570800,0.177242,0.000000
5.650000,-0.177604,-0.831975,0.996127,-4.690253,-1.570800,0.177604,0.000000
5.666667,-0.177961,-0.830491,0.994973,-4.696517,-1.570800,0.177961,0.000000
5.683334,-0.178312,-0.829029,0.993835,-4.702691,-1.570800,0.178312,0.000000
5.700000,-0.178659,-0.827588,0.992714,-4.708776,-1.570800,0.178659,0.000000
5.733334,-0.179336,-0.824769,0.990522,-4.720675,-1.570800,0.179336,0.000000
5.750000,-0.179667,-0.823393,0.989452,-4.726487,-1.570800,0.179667,0.000000
5.766667,-0.179993,-0.822038,0.988398,-4.732207,-1.570800,0.179993,0.000000
5.783334,-0.180313,-0.820705,0.987361,-4.737834,-1.570800,0.180313,0.000000
5.800000,-0.180628,-0.819395,0.986342,-4.743368,-1.570800,0.180628,0.000000
5.833334,-0.181242,-0.816841,0.984355,-4.754152,-1.570800,0.181242,0.000000
5.850000,-0.181541,-0.815597,0.983388,-4.759402,-1.570800,0.181541,0.000000
5.866667,-0.181834,-0.814377,0.982439,-4.764555,-1.570800,0.181834,0.000000
5.883334,-0.182122,-0.813179,0.981507,-4.769612,-1.570800,0.182122,0.000000
5.900000,-0.182405,-0.812004,0.980593,-4.774571,-1.570800,0.182405,0.000000
5.933334,-0.182953,-0.809725,0.978820,-4.784196,-1.570800,0.182953,0.000000
5.950000,-0.183218,-0.808620,0.977961,-4.788860,-1.570800,0.183218,0.000000
5.966667,-0.183478,-0.807539,0.977120,-4.793424,-1.570800,0.183478,0.000000
5.983334,-0.183732,-0.806482,0.976298,-4.797887,-1.570800,0.183732,0.000000
6.000000,-0.183981,-0.805449,0.975494,-4.802250,-1.570800,0.183981,0.000000
6.033334,-0.184460,-0.803455,0.973943,-4.810669,-1.570800,0.184460,0.000000
6.050000,-0.184691,-0.802494,0.973196,-4.814725,-1.570800,0.184691,0.000000
6.066667,-0.184916,-0.801558,0.972468,-4.818677,-1.570800,0.184916,0.000000
6.083334,-0.185135,-0.800647,0.971759,-4.822525,-1.570800,0.185135,0.000000
6.100000,-0.185348,-0.799760,0.971070,-4.826268,-1.570800,0.185348,0.000000
6.133334,-0.185756,-0.798063,0.969749,-4.833436,-1.570800,0.185756,0.000000
6.150000,-0.185951,-0.797251,0.969118,-4.836861,-1.570800,0.185951,0.000000
6.166667,-0.186140,-0.796466,0.968507,-4.840178,-1.570800,0.186140,0.000000
6.183334,-0.186323,-0.795706,0.967916,-4.843387,-1.570800,0.186323,0.000000
6.200000,-0.186499,-0.794971,0.967345,-4.846488,-1.570800,0.186499,0.000000
6.233334,-0.186834,-0.793581,0.966263,-4.852360,-1.570800,0.186834,0.000000
6.250000,-0.186991,-0.792924,0.965753,-4.855131,-1.570800,0.186991,0.000000
6.266667,-0.187143,-0.792294,0.965263,-4.857791,-1.570800,0.187143,0.000000
6.283334,-0.187288,-0.791691,0.964793,-4.860339,-1.570800,0.187288,0.000000
6.300000,-0.187426,-0.791114,0.964345,-4.862774,-1.570800,0.187426,0.000000
6.333334,-0.187684,-0.790041,0.963510,-4.867305,-1.570800,0.187684,0.000000
6.350000,-0.187804,-0.789545,0.963124,-4.869400,-1.570800,0.187804,0.000000
6.366667,-0.187916,-0.789076,0.962759,-4.871379,-1.570800,0.187916,0.000000
6.383334,-0.188022,-0.788635,0.962416,-4.873243,-1.570800,0.188022,0.000000
6.400000,-0.188122,-0.788221,0.962094,-4.874990,-1.570800,0.188122,0.000000
6.433334,-0.188301,-0.787476,0.961515,-4.878134,-1.570800,0.188301,0.000000
6.450000,-0.188380,-0.787146,0.961258,-4.879529,-1.570800,0.188380,0.000000
6.466667,-0.188453,-0.786843,0.961023,-4.880806,-1.570800,0.188453,0.000000
6.483334,-0.188519,-0.786569,0.960810,-4.881963,-1.570800,0.188519,0.000000
6.500000,-0.188578,-0.786324,0.960619,-4.883000,-1.570800,0.188578,0.000000
6.533334,-0.188675,-0.785918,0.960303,-4.884711,-1.570800,0.188675,0.000000
6.550000,-0.188714,-0.785759,0.960179,-4.885384,-1.570800,0.188714,0.000000
6.566667,-0.188745,-0.785629,0.960078,-4.885935,-1.570800,0.188745,0.000000
6.583334,-0.188769,-0.785527,0.959999,-4.886363,-1.570800,0.188769,0.000000
6.600000,-0.188787,-0.785455,0.959943,-4.886666,-1.570800,0.188787,0.000000
6.633334,-0.188800,-0.785400,0.959900,-4.886900,-1.570800,0.188800,0.000000
6.650000,-0.188800,-0.785400,0.959900,-4.886900,-1.570800,0.188800,0.000000
6.666667,-0.188800,-0.785400,0.959900,-4.886900,-1.570800,0.188800,0.000000
6.683334,-0.188800,-0.785400,0.959900,-4.886900,-1.570800,0.188800,0.000000
6.700000,-0.188800,-0.785400,0.959900,-4.886900,-1.570800,0.188800,0.000000
6.733334,-0.188800,-0.785400,0.959900,-4.886900,-1.570800,0.188800,0.000000
6.750000,-0.188800,-0.785400,0.959900,-4.886900,-1.570800,0.188800,0.000000
6.766667,-0.188800,-0.785400,0.959900,-4.886900,-1.570800,0.188800,0.000000
6.783334,-0.188800,-0.785400,0.959900,-4.886900,-1.570800,0.188800,0.000000
6.800000,-0.188800,-0.785400,0.959900,-4.886900,-1.570800,0.188800,0.000000
6.833334,-0.188800,-0.785400,0.959900,-4.886900,-1.570800,0.188800,0.000000
6.850000,-0.188800,-0.785400,0.959900,-4.886900,-1.570800,0.188800,0.000000
6.866667,-0.188800,-0.785400,0.959900,-4.886900,-1.570800,0.188800,0.000000
6.883334,-0.188800,-0.785400,0.959900,-4.886900,-1.570800,0.188800,0.000000
6.900000,-0.188800,-0.785400,0.959900,-4.886900,-1.570800,0.188800,0.000000
6.933334,-0.188800,-0.785400,0.959900,-4.886900,-1.570800,0.188800,0.000000
6.950000,-0.188800,-0.785400,0.959900,-4.886900,-1.570800,0.188800,0.000000
6.966667,-0.188800,-0.785400,0.959900,-4.886900,-1.570800,0.188800,0.000000
6.983334,-0.188800,-0.785400,0.959900,-4.886900,-1.570800,0.188800,0.000000
7.000000,-0.188800,-0.785400,0.959900,-4.886900,-1.570800,0.188800,0.000000
7.033334,-0.188800,-0.785400,0.959900,-4.886900,-1.570800,0.188800,0.000000
7.050000,-0.188800,-0.785400,0.959900,-4.886900,-1.570800,0.188800,0.000000
7.066667,-0.188800,-0.785400,0.959900,-4.886900,-1.570800,0.188800,0.000000
7.083334,-0.188800,-0.785400,0.959900,-4.886900,-1.570800,0.188800,0.000000
7.100000,-0.188800,-0.785400,0.959900,-4.886900,-1.570800,0.188800,0.000000
7.133334,-0.188800,-0.785400,0.959900,-4.886900,-1.570800,0.188800,0.000000
7.150000,-0.188799,-0.785466,0.959656,-4.886604,-1.570801,0.196183,0.000000
7.166667,-0.188807,-0.785689,0.958877,-4.885702,-1.570806,0.217844,0.000000
7.183334,-0.188837,-0.786069,0.957556,-4.884227,-1.570817,0.252941,0.000000
7.200000,-0.188884,-0.786566,0.955795,-4.882249,-1.570831,0.301008,0.000000
7.233334,-0.188900,-0.787054,0.953829,-4.879786,-1.570853,0.351000,0.000000
7.250000,-0.188920,-0.787585,0.951809,-4.877424,-1.570866,0.397520,0.000000
7.266667,-0.188942,-0.788086,0.949867,-4.875170,-1.570887,0.444118,0.000000
7.283334,-0.188961,-0.788560,0.947971,-4.872952,-1.570917,0.490715,0.000000
7.300000,-0.188977,-0.789019,0.946088,-4.870738,-1.570953,0.537312,0.000000
7.333334,-0.188976,-0.789462,0.944190,-4.868456,-1.571010,0.587302,0.000000
7.350000,-0.188977,-0.789923,0.942243,-4.866150,-1.571061,0.633819,0.000000
7.366667,-0.188978,-0.790381,0.940287,-4.863847,-1.571115,0.680417,0.000000
7.383334,-0.188977,-0.790831,0.938329,-4.861546,-1.571174,0.727013,0.000000
7.400000,-0.188974,-0.791275,0.936367,-4.859243,-1.571238,0.773609,0.000000
7.433334,-0.188962,-0.791705,0.934391,-4.856912,-1.571322,0.823597,0.000000
7.450000,-0.188952,-0.792143,0.932394,-4.854567,-1.571401,0.870113,0.000000
7.466667,-0.188941,-0.792577,0.930391,-4.852222,-1.571481,0.916710,0.000000
7.483334,-0.188929,-0.793004,0.928386,-4.849878,-1.571565,0.963305,0.000000
7.500000,-0.188916,-0.793426,0.926379,-4.847534,-1.571653,1.009899,0.000000
7.533334,-0.188895,-0.793834,0.924364,-4.845176,-1.571761,1.059886,0.000000
7.550000,-0.188876,-0.794248,0.922339,-4.842810,-1.571863,1.106401,0.000000
7.566667,-0.188858,-0.794657,0.920314,-4.840446,-1.571965,1.152997,0.000000
7.583334,-0.188839,-0.795061,0.918291,-4.838085,-1.572070,1.199590,0.000000
7.600000,-0.188819,-0.795460,0.916270,-4.835726,-1.572179,1.246184,0.000000
7.633334,-0.188793,-0.795844,0.914249,-4.833366,-1.572305,1.296169,0.000000
7.650000,-0.188770,-0.796233,0.912228,-4.831004,-1.572424,1.342684,0.000000
7.666667,-0.188747,-0.796618,0.910214,-4.828648,-1.572542,1.389279,0.000000
7.683334,-0.188726,-0.796997,0.908209,-4.826302,-1.572661,1.435872,0.000000
7.700000,-0.188705,-0.797371,0.906216,-4.823967,-1.572782,1.482465,0.000000
7.733334,-0.188680,-0.797729,0.904243,-4.821651,-1.572918,1.532450,0.000000
7.750000,-0.188659,-0.798091,0.902280,-4.819343,-1.573045,1.578964,0.000000
7.766667,-0.188640,-0.798449,0.900334,-4.817050,-1.573169,1.625558,0.000000
7.783334,-0.188623,-0.798802,0.898406,-4.814775,-1.573292,1.672151,0.000000
7.800000,-0.188608,-0.799149,0.896496,-4.812518,-1.573415,1.718745,0.000000
7.833334,-0.188591,-0.799480,0.894616,-4.810286,-1.573549,1.768728,0.000000
7.850000,-0.188579,-0.799817,0.892746,-4.808063,-1.573672,1.815242,0.000000
7.866667,-0.188570,-0.800150,0.890896,-4.805860,-1.573789,1.861836,0.000000
7.883334,-0.188563,-0.800478,0.889066,-4.803678,-1.573904,1.908430,0.000000
7.900000,-0.188559,-0.800800,0.887258,-4.801517,-1.574017,1.955023,0.000000
7.933334,-0.188554,-0.801108,0.885487,-4.799386,-1.574137,2.005006,0.000000
7.950000,-0.188554,-0.801421,0.883726,-4.797267,-1.574246,2.051521,0.000000
7.966667,-0.188558,-0.801730,0.881987,-4.795172,-1.574348,2.098118,0.000000
7.983334,-0.188566,-0.802035,0.880272,-4.793102,-1.574445,2.144714,0.000000
8.000000,-0.188576,-0.802334,0.878582,-4.791058,-1.574539,2.191310,0.000000
8.033334,-0.188586,-0.802617,0.876935,-4.789049,-1.574641,2.241293,0.000000
8.050000,-0.188601,-0.802906,0.875300,-4.787056,-1.574730,2.287810,0.000000
8.066667,-0.188622,-0.803191,0.873689,-4.785092,-1.574811,2.334408,0.000000
8.083334,-0.188646,-0.803471,0.872105,-4.783159,-1.574885,2.381005,0.000000
8.100000,-0.188675,-0.803745,0.870551,-4.781257,-1.574954,2.427602,0.000000
8.133334,-0.188704,-0.804003,0.869049,-4.779401,-1.575028,2.477585,0.000000
8.150000,-0.188739,-0.804266,0.867558,-4.777564,-1.575088,2.524103,0.000000
8.166667,-0.188780,-0.804524,0.866096,-4.775763,-1.575139,2.570702,0.000000
8.183334,-0.188826,-0.804776,0.864666,-4.774002,-1.575183,2.617299,0.000000
8.200000,-0.188877,-0.805021,0.863271,-4.772282,-1.575221,2.663897,0.000000
8.233334,-0.188928,-0.805247,0.861941,-4.770619,-1.575264,2.713881,0.000000
8.250000,-0.188987,-0.805478,0.860624,-4.768983,-1.575291,2.760401,0.000000
8.266667,-0.189053,-0.805704,0.859341,-4.767394,-1.575310,2.807002,0.000000
8.283334,-0.189124,-0.805922,0.858099,-4.765858,-1.575323,2.853600,0.000000
8.300000,-0.189199,-0.806129,0.856902,-4.764378,-1.575334,2.900199,0.000000
8.333334,-0.189273,-0.806313,0.855795,-4.762980,-1.575352,2.950186,0.000000
8.350000,-0.189357,-0.806503,0.854705,-4.761619,-1.575354,2.996707,0.000000
8.366667,-0.189451,-0.806687,0.853665,-4.760330,-1.575348,3.043309,0.000000
8.383334,-0.189552,-0.806858,0.852691,-4.759123,-1.575335,3.089910,0.000000
8.400000,-0.189663,-0.807017,0.851795,-4.758009,-1.575318,3.136511,0.000000
8.433334,-0.189766,-0.807139,0.851073,-4.757043,-1.575311,3.186498,0.000000
8.450000,-0.189892,-0.807273,0.850387,-4.756153,-1.575284,3.233022,0.000000
8.466667,-0.190046,-0.807396,0.849831,-4.755442,-1.575244,3.279626,0.000000
8.483334,-0.190190,-0.807460,0.849631,-4.755153,-1.575213,3.326229,0.000000
8.500000,-0.190243,-0.807449,0.849786,-4.755240,-1.575206,3.326722,0.000000
8.533334,-0.190114,-0.807438,0.849695,-4.755146,-1.575251,3.322838,0.000000
8.550000,-0.190034,-0.807437,0.849604,-4.755073,-1.575264,3.322796,0.000000
8.566667,-0.190027,-0.807443,0.849518,-4.754990,-1.575260,3.322833,0.000000
8.583334,-0.190057,-0.807452,0.849417,-4.754881,-1.575257,3.322833,0.000000
8.600000,-0.190086,-0.807461,0.849289,-4.754748,-1.575256,3.322833,0.000000
8.633334,-0.190088,-0.807478,0.849002,-4.754430,-1.575257,3.322836,0.000000
8.650000,-0.190084,-0.807498,0.848736,-4.754189,-1.575258,3.322838,0.000000
8.666667,-0.190081,-0.807509,0.848512,-4.753968,-1.575259,3.322840,0.000000
8.683334,-0.190079,-0.807519,0.848287,-4.753724,-1.575260,3.322842,0.000000
8.700000,-0.190080,-0.807533,0.848034,-4.753450,-1.575261,3.322844,0.000000
8.733334,-0.190081,-0.807564,0.847528,-4.752874,-1.575262,3.322848,0.000000
8.750000,-0.190080,-0.807598,0.847076,-4.752466,-1.575264,3.322852,0.000000
8.766667,-0.190079,-0.807615,0.846721,-4.752123,-1.575264,3.322855,0.000000
8.783334,-0.190079,-0.807627,0.846384,-4.751751,-1.575266,3.322858,0.000000
8.800000,-0.190079,-0.807646,0.846012,-4.751342,-1.575267,3.322861,0.000000
8.833334,-0.190079,-0.807688,0.845290,-4.750518,-1.575270,3.322867,0.000000
8.850000,-0.190078,-0.807735,0.844657,-4.749948,-1.575272,3.322872,0.000000
8.866667,-0.190076,-0.807756,0.844176,-4.749484,-1.575273,3.322875,0.000000
8.883334,-0.190076,-0.807769,0.843729,-4.748987,-1.575274,3.322879,0.000000
8.900000,-0.190077,-0.807791,0.843242,-4.748452,-1.575276,3.322884,0.000000
8.933334,-0.190077,-0.807842,0.842309,-4.747391,-1.575280,3.322892,0.000000
8.950000,-0.190075,-0.807898,0.841501,-4.746667,-1.575282,3.322898,0.000000
8.966667,-0.190074,-0.807921,0.840895,-4.746085,-1.575284,3.322902,0.000000
8.983334,-0.190074,-0.807933,0.840342,-4.745472,-1.575286,3.322907,0.000000
9.000000,-0.190074,-0.807956,0.839743,-4.744812,-1.575288,3.322912,0.000000
9.033334,-0.190074,-0.808014,0.838606,-4.743522,-1.575293,3.322923,0.000000
9.050000,-0.190072,-0.808078,0.837627,-4.742650,-1.575295,3.322930,0.000000
9.066667,-0.190071,-0.808100,0.836901,-4.741956,-1.575296,3.322935,0.000000
9.083334,-0.190071,-0.808109,0.836243,-4.741229,-1.575298,3.322941,0.000000
9.100000,-0.190071,-0.808133,0.835534,-4.740452,-1.575302,3.322947,0.000000
9.133334,-0.190072,-0.808194,0.834199,-4.738941,-1.575307,3.322960,0.000000
9.150000,-0.190070,-0.808262,0.833053,-4.737925,-1.575309,3.322968,0.000000
9.166667,-0.190068,-0.808281,0.832207,-4.737125,-1.575311,3.322975,0.000000
9.183334,-0.190069,-0.808284,0.831446,-4.736290,-1.575313,3.322982,0.000000
9.200000,-0.190070,-0.808306,0.830630,-4.735400,-1.575316,3.322989,0.000000
9.233334,-0.190071,-0.808367,0.829100,-4.733680,-1.575321,3.323004,0.000000
9.250000,-0.190068,-0.808435,0.827790,-4.732526,-1.575323,3.323014,0.000000
9.266667,-0.190067,-0.808449,0.826827,-4.731621,-1.575326,3.323021,0.000000
9.283334,-0.190068,-0.808447,0.825969,-4.730679,-1.575329,3.323030,0.000000
9.300000,-0.190069,-0.808465,0.825048,-4.729679,-1.575332,3.323038,0.000000
9.333334,-0.190071,-0.808521,0.823326,-4.727756,-1.575338,3.323056,0.000000
9.350000,-0.190068,-0.808585,0.821858,-4.726473,-1.575340,3.323066,0.000000
9.366667,-0.190067,-0.808592,0.820780,-4.725468,-1.575343,3.323075,0.000000
9.383334,-0.190068,-0.808583,0.819822,-4.724426,-1.575346,3.323084,0.000000
9.400000,-0.190070,-0.808594,0.818798,-4.723320,-1.575349,3.323094,0.000000
9.433334,-0.190074,-0.808642,0.816889,-4.721206,-1.575352,3.323115,0.000000
9.450000,-0.190072,-0.808699,0.815261,-4.719797,-1.575354,3.323127,0.000000
9.466667,-0.190071,-0.808696,0.814072,-4.718697,-1.575357,3.323137,0.000000
9.483334,-0.190072,-0.808676,0.813018,-4.717557,-1.575360,3.323148,0.000000
9.500000,-0.190073,-0.808679,0.811892,-4.716353,-1.575364,3.323159,0.000000
9.533334,-0.190077,-0.808716,0.809801,-4.714051,-1.575370,3.323181,0.000000
9.550000,-0.190075,-0.808763,0.808019,-4.712521,-1.575372,3.323193,0.000000
9.566667,-0.190075,-0.808746,0.806719,-4.711331,-1.575376,3.323205,0.000000
9.583334,-0.190076,-0.808713,0.805570,-4.710099,-1.575379,3.323216,0.000000
9.600001,-0.190078,-0.808707,0.804346,-4.708798,-1.575383,3.323229,0.000000
9.633334,-0.190082,-0.808727,0.802074,-4.706320,-1.575389,3.323255,0.000000
9.650001,-0.190082,-0.808760,0.800140,-4.704673,-1.575390,3.323269,0.000000
9.666667,-0.190083,-0.808728,0.798732,-4.703395,-1.575390,3.323282,0.000000
9.683334,-0.190086,-0.808681,0.797490,-4.702076,-1.575391,3.323296,0.000000
9.700001,-0.190088,-0.808662,0.796167,-4.700683,-1.575395,3.323309,0.000000
9.733334,-0.190092,-0.808663,0.793719,-4.698037,-1.575401,3.323337,0.000000
9.750001,-0.190091,-0.808678,0.791635,-4.696280,-1.575403,3.323352,0.000000
9.766667,-0.190090,-0.808625,0.790117,-4.694914,-1.575406,3.323365,0.000000
9.783334,-0.190093,-0.808561,0.788782,-4.693511,-1.575410,3.323379,0.000000
9.800001,-0.190095,-0.808527,0.787363,-4.692032,-1.575413,3.323393,0.000000
9.833334,-0.190100,-0.808504,0.784741,-4.689226,-1.575419,3.323423,0.000000
9.850001,-0.190099,-0.808496,0.782509,-4.687361,-1.575421,3.323438,0.000000
9.866667,-0.190099,-0.808422,0.780886,-4.685917,-1.575424,3.323452,0.000000
9.883334,-0.190101,-0.808338,0.779458,-4.684431,-1.575428,3.323467,0.000000
9.900001,-0.190103,-0.808287,0.777944,-4.682866,-1.575432,3.323482,0.000000
9.933334,-0.190110,-0.808240,0.775157,-4.679907,-1.575432,3.323515,0.000000
9.950001,-0.190110,-0.808209,0.772786,-4.677940,-1.575431,3.323532,0.000000
9.966667,-0.190110,-0.808111,0.771058,-4.676422,-1.575434,3.323547,0.000000
9.983334,-0.190112,-0.808004,0.769538,-4.674859,-1.575438,3.323562,0.000000
10.000001,-0.190114,-0.807933,0.767930,-4.673215,-1.575442,3.323578,0.000000
10.033334,-0.190118,-0.807848,0.764964,-4.670109,-1.575447,3.323610,0.000000
10.050001,-0.190116,-0.807785,0.762444,-4.668048,-1.575448,3.323628,0.000000
10.066667,-0.190116,-0.807658,0.760611,-4.666455,-1.575451,3.323642,0.000000
10.083334,-0.190118,-0.807527,0.759003,-4.664820,-1.575455,3.323658,0.000000
10.100001,-0.190120,-0.807435,0.757301,-4.663100,-1.575457,3.323674,0.000000
10.133334,-0.190124,-0.807313,0.754168,-4.659853,-1.575463,3.323707,0.000000
10.150001,-0.190121,-0.807214,0.751505,-4.657699,-1.575464,3.323725,0.000000
10.166667,-0.190120,-0.807058,0.749570,-4.656039,-1.575467,3.323740,0.000000
10.183334,-0.190121,-0.806900,0.747872,-4.654333,-1.575470,3.323755,0.000000
10.200001,-0.190123,-0.806787,0.746087,-4.652539,-1.575471,3.323772,0.000000
10.233334,-0.190128,-0.806629,0.742798,-4.649158,-1.575475,3.323805,0.000000
10.250001,-0.190124,-0.806494,0.739997,-4.646918,-1.575476,3.323824,0.000000
10.266667,-0.190121,-0.806302,0.737957,-4.645190,-1.575479,3.323838,0.000000
10.283334,-0.190122,-0.806113,0.736169,-4.643417,-1.575482,3.323854,0.000000
10.300001,-0.190123,-0.805968,0.734283,-4.641557,-1.575484,3.323870,0.000000
10.333334,-0.190125,-0.805758,0.730816,-4.638050,-1.575489,3.323903,0.000000
10.350001,-0.190120,-0.805576,0.727871,-4.635728,-1.575489,3.323921,0.000000
10.366667,-0.190116,-0.805347,0.725728,-4.633934,-1.575491,3.323935,0.000000
10.383334,-0.190116,-0.805127,0.723852,-4.632099,-1.575494,3.323951,0.000000
10.400001,-0.190116,-0.804953,0.721874,-4.630171,-1.575497,3.323966,0.000000
10.433334,-0.190117,-0.804694,0.718249,-4.626547,-1.575503,3.323998,0.000000
10.450001,-0.190108,-0.804472,0.715177,-4.624144,-1.575505,3.324014,0.000000
10.466667,-0.190102,-0.804207,0.712946,-4.622290,-1.575511,3.324028,0.000000
10.483334,-0.190101,-0.803954,0.710983,-4.620392,-1.575514,3.324042,0.000000
10.500001,-0.190100,-0.803745,0.708911,-4.618404,-1.575516,3.324058,0.000000
10.533334,-0.190100,-0.803427,0.705117,-4.614668,-1.575520,3.324089,0.000000
10.550001,-0.190092,-0.803144,0.701891,-4.612191,-1.575519,3.324106,0.000000
10.566667,-0.190085,-0.802828,0.699542,-4.610280,-1.575521,3.324120,0.000000
10.583334,-0.190083,-0.802535,0.697489,-4.608326,-1.575523,3.324134,0.000000
10.600001,-0.190081,-0.802293,0.695326,-4.606278,-1.575525,3.324149,0.000000
10.633334,-0.190079,-0.801916,0.691371,-4.602432,-1.575529,3.324179,0.000000
10.650001,-0.190069,-0.801576,0.688006,-4.599887,-1.575528,3.324195,0.000000
10.666667,-0.190062,-0.801211,0.685554,-4.597922,-1.575529,3.324208,0.000000
10.683334,-0.190058,-0.800877,0.683412,-4.595913,-1.575531,3.324222,0.000000
10.700001,-0.190055,-0.800598,0.681158,-4.593809,-1.575533,3.324237,0.000000
10.733334,-0.190049,-0.800157,0.677046,-4.589864,-1.575545,3.324263,0.000000
10.750001,-0.190032,-0.799758,0.673548,-4.587246,-1.575555,3.324275,0.000000
10.766667,-0.190019,-0.799344,0.670997,-4.585229,-1.575560,3.324285,0.000000
10.783334,-0.190015,-0.798967,0.668765,-4.583169,-1.575562,3.324299,0.000000
10.800001,-0.190014,-0.798647,0.666421,-4.581014,-1.575562,3.324312,0.000000
10.833334,-0.190010,-0.798134,0.662143,-4.576977,-1.575565,3.324341,0.000000
10.850001,-0.189997,-0.797667,0.658501,-4.574299,-1.575563,3.324356,0.000000
10.866667,-0.189987,-0.797196,0.655844,-4.572233,-1.575564,3.324369,0.000000
10.883334,-0.189981,-0.796774,0.653523,-4.570125,-1.575566,3.324381,0.000000
10.900001,-0.189977,-0.796412,0.651089,-4.567921,-1.575567,3.324395,0.000000
10.933334,-0.189972,-0.795827,0.646655,-4.563795,-1.575568,3.324423,0.000000
10.950001,-0.189958,-0.795291,0.642877,-4.561058,-1.575566,3.324439,0.000000
10.966667,-0.189947,-0.794762,0.640115,-4.558945,-1.575566,3.324451,0.000000
10.983334,-0.189941,-0.794291,0.637705,-4.556790,-1.575568,3.324463,0.000000
11.000001,-0.189936,-0.793885,0.635183,-4.554543,-1.575568,3.324477,0.000000
11.033334,-0.189923,-0.793218,0.630580,-4.550337,-1.575587,3.324499,0.000000
11.050001,-0.189901,-0.792600,0.626654,-4.547543,-1.575598,3.324509,0.000000
11.066667,-0.189888,-0.792009,0.623790,-4.545386,-1.575598,3.324521,0.000000
11.083334,-0.189884,-0.791491,0.621297,-4.543192,-1.575598,3.324534,0.000000
11.100001,-0.189882,-0.791041,0.618691,-4.540901,-1.575597,3.324548,0.000000
11.133334,-0.189876,-0.790303,0.613951,-4.536626,-1.575598,3.324577,0.000000
11.150001,-0.189862,-0.789618,0.609909,-4.533780,-1.575595,3.324593,0.000000
11.166667,-0.189850,-0.788967,0.606945,-4.531586,-1.575594,3.324605,0.000000
11.183334,-0.189844,-0.788396,0.604365,-4.529351,-1.575595,3.324619,0.000000
11.200001,-0.189839,-0.787897,0.601672,-4.527027,-1.575595,3.324633,0.000000
11.233334,-0.189834,-0.787079,0.596787,-4.522683,-1.575594,3.324664,0.000000
11.250001,-0.189820,-0.786317,0.592618,-4.519795,-1.575590,3.324680,0.000000
11.266667,-0.189809,-0.785601,0.589558,-4.517565,-1.575589,3.324694,0.000000
11.283334,-0.189804,-0.784978,0.586893,-4.515298,-1.575589,3.324708,0.000000
11.300001,-0.189800,-0.784431,0.584117,-4.512935,-1.575589,3.324724,0.000000
11.333334,-0.189795,-0.783531,0.579092,-4.508535,-1.575587,3.324756,0.000000
11.350001,-0.189781,-0.782682,0.574785,-4.505607,-1.575586,3.324771,0.000000
11.366667,-0.189767,-0.781886,0.571600,-4.503341,-1.575592,3.324783,0.000000
11.383334,-0.189759,-0.781191,0.568822,-4.501045,-1.575599,3.324796,0.000000
11.400001,-0.189754,-0.780592,0.565963,-4.498652,-1.575598,3.324811,0.000000
11.433334,-0.189753,-0.779618,0.560816,-4.494205,-1.575595,3.324847,0.000000
11.450001,-0.189743,-0.778699,0.556410,-4.491243,-1.575590,3.324865,0.000000
11.466667,-0.189734,-0.777854,0.553165,-4.488952,-1.575587,3.324880,0.000000
11.483334,-0.189730,-0.777123,0.550344,-4.486626,-1.575587,3.324897,0.000000
11.500001,-0.189726,-0.776478,0.547414,-4.484212,-1.575585,3.324915,0.000000
11.533334,-0.189725,-0.775416,0.542138,-4.479729,-1.575582,3.324953,0.000000
11.550001,-0.189715,-0.774415,0.537622,-4.476738,-1.575576,3.324973,0.000000
11.566667,-0.189708,-0.773505,0.534295,-4.474424,-1.575573,3.324989,0.000000
11.583334,-0.189705,-0.772723,0.531404,-4.472080,-1.575572,3.325007,0.000000
11.600001,-0.189703,-0.772031,0.528405,-4.469646,-1.575569,3.325027,0.000000
11.633334,-0.189705,-0.770890,0.523021,-4.465139,-1.575565,3.325067,0.000000
11.650001,-0.189697,-0.769809,0.518402,-4.462124,-1.575559,3.325089,0.000000
11.666667,-0.189692,-0.768824,0.514974,-4.459788,-1.575553,3.325108,0.000000
11.683334,-0.189692,-0.767970,0.511977,-4.457427,-1.575546,3.325130,0.000000
11.700001,-0.189694,-0.767208,0.508874,-4.454977,-1.575537,3.325152,0.000000
11.733334,-0.189697,-0.765992,0.503396,-4.450453,-1.575532,3.325196,0.000000
11.750001,-0.189691,-0.764838,0.498691,-4.447425,-1.575525,3.325220,0.000000
11.766667,-0.189687,-0.763799,0.495209,-4.445073,-1.575521,3.325239,0.000000
11.783334,-0.189686,-0.762914,0.492192,-4.442707,-1.575517,3.325260,0.000000
11.800001,-0.189686,-0.762128,0.489076,-4.440254,-1.575514,3.325282,0.000000
11.833334,-0.189691,-0.760836,0.483512,-4.435724,-1.575508,3.325329,0.000000
11.850001,-0.189688,-0.759604,0.478727,-4.432691,-1.575500,3.325353,0.000000
11.866667,-0.189685,-0.758502,0.475180,-4.430333,-1.575495,3.325374,0.000000
11.883334,-0.189686,-0.757568,0.472107,-4.427960,-1.575492,3.325396,0.000000
11.900001,-0.189686,-0.756740,0.468945,-4.425505,-1.575487,3.325420,0.000000
11.933334,-0.189694,-0.755381,0.463324,-4.420991,-1.575480,3.325470,0.000000
11.950001,-0.189696,-0.754074,0.458465,-4.417957,-1.575464,3.325498,0.000000
11.966667,-0.189701,-0.752902,0.454840,-4.415601,-1.575442,3.325526,0.000000
11.983334,-0.189711,-0.751909,0.451700,-4.413231,-1.575420,3.325555,0.000000
12.000001,-0.189713,-0.751037,0.448499,-4.410785,-1.575416,3.325580,0.000000
12.033334,-0.189717,-0.749621,0.442842,-4.406297,-1.575409,3.325630,0.000000
12.050001,-0.189715,-0.748255,0.437949,-4.403274,-1.575399,3.325657,0.000000
12.066667,-0.189714,-0.747039,0.434301,-4.400922,-1.575393,3.325678,0.000000
12.083334,-0.189716,-0.746013,0.431149,-4.398564,-1.575388,3.325702,0.000000
12.100001,-0.189711,-0.745086,0.427879,-4.396107,-1.575383,3.325720,0.000000
12.133334,-0.189704,-0.743569,0.422098,-4.391606,-1.575373,3.325758,0.000000
12.150001,-0.189691,-0.742101,0.417089,-4.388564,-1.575363,3.325778,0.000000
12.166667,-0.189681,-0.740805,0.413349,-4.386196,-1.575356,3.325792,0.000000
12.183334,-0.189676,-0.739716,0.410119,-4.383823,-1.575351,3.325808,0.000000
12.200001,-0.189671,-0.738749,0.406820,-4.381380,-1.575345,3.325825,0.000000
12.233334,-0.189669,-0.737179,0.401031,-4.376930,-1.575333,3.325863,0.000000
12.250001,-0.189658,-0.735650,0.395995,-4.373912,-1.575323,3.325881,0.000000
12.266667,-0.189648,-0.734295,0.392215,-4.371554,-1.575315,3.325895,0.000000
12.283334,-0.189641,-0.733158,0.388953,-4.369200,-1.575309,3.325911,0.000000
12.300001,-0.189635,-0.732153,0.385639,-4.366787,-1.575303,3.325928,0.000000
12.333334,-0.189633,-0.730533,0.379860,-4.362405,-1.575291,3.325964,0.000000
12.350001,-0.189622,-0.728946,0.374814,-4.359420,-1.575279,3.325982,0.000000
12.366667,-0.189612,-0.727539,0.371010,-4.357085,-1.575272,3.325996,0.000000
12.383334,-0.189605,-0.726362,0.367734,-4.354762,-1.575265,3.326011,0.000000
12.400001,-0.189598,-0.725325,0.364419,-4.352385,-1.575258,3.326028,0.000000
12.433334,-0.189595,-0.723667,0.358682,-4.348091,-1.575245,3.326063,0.000000
12.450001,-0.189585,-0.722031,0.353652,-4.345160,-1.575234,3.326081,0.000000
12.466667,-0.189574,-0.720581,0.349846,-4.342859,-1.575225,3.326094,0.000000
12.483334,-0.189567,-0.719372,0.346576,-4.340577,-1.575218,3.326109,0.000000
12.500001,-0.189559,-0.718310,0.343279,-4.338249,-1.575211,3.326124,0.000000
12.533334,-0.189557,-0.716627,0.337626,-4.334072,-1.575197,3.326159,0.000000
12.550001,-0.189546,-0.714958,0.332649,-4.331209,-1.575185,3.326175,0.000000
12.566667,-0.189536,-0.713475,0.328862,-4.328957,-1.575177,3.326187,0.000000
12.583334,-0.189528,-0.712243,0.325618,-4.326732,-1.575169,3.326202,0.000000
12.600001,-0.189520,-0.711163,0.322366,-4.324466,-1.575161,3.326217,0.000000
12.633334,-0.189518,-0.709479,0.316848,-4.320442,-1.575147,3.326250,0.000000
12.650001,-0.189507,-0.707795,0.311969,-4.317672,-1.575135,3.326266,0.000000
12.666667,-0.189497,-0.706298,0.308241,-4.315484,-1.575127,3.326277,0.000000
12.683334,-0.189489,-0.705053,0.305050,-4.313329,-1.575119,3.326291,0.000000
12.700001,-0.189481,-0.703970,0.301873,-4.311155,-1.575111,3.326305,0.000000
12.733334,-0.189478,-0.702309,0.296557,-4.307319,-1.575097,3.326337,0.000000
12.750001,-0.189468,-0.700631,0.291825,-4.304663,-1.575084,3.326350,0.000000
12.766667,-0.189458,-0.699137,0.288194,-4.302566,-1.575075,3.326362,0.000000
12.783334,-0.189449,-0.697900,0.285098,-4.300510,-1.575068,3.326374,0.000000
12.800001,-0.189441,-0.696833,0.282044,-4.298443,-1.575060,3.326387,0.000000
12.833334,-0.189439,-0.695224,0.277002,-4.294845,-1.575045,3.326417,0.000000
12.850001,-0.189429,-0.693588,0.272493,-4.292343,-1.575033,3.326430,0.000000
12.866667,-0.189419,-0.692125,0.269018,-4.290362,-1.575024,3.326440,0.000000
12.883334,-0.189411,-0.690919,0.266067,-4.288434,-1.575017,3.326452,0.000000
12.900001,-0.189403,-0.689887,0.263180,-4.286508,-1.575009,3.326464,0.000000
12.933334,-0.189400,-0.688369,0.258505,-4.283201,-1.574995,3.326491,0.000000
12.950001,-0.189392,-0.686815,0.254310,-4.280895,-1.574983,3.326503,0.000000
12.966667,-0.189383,-0.685420,0.251064,-4.279069,-1.574975,3.326512,0.000000
12.983334,-0.189374,-0.684276,0.248326,-4.277306,-1.574969,3.326522,0.000000
13.000001,-0.189366,-0.683309,0.245675,-4.275558,-1.574961,3.326532,0.000000
13.033334,-0.189364,-0.681930,0.241485,-4.272616,-1.574948,3.326557,0.000000
13.050001,-0.189357,-0.680506,0.237708,-4.270558,-1.574938,3.326567,0.000000
13.066667,-0.189348,-0.679226,0.234783,-4.268933,-1.574929,3.326575,0.000000
13.083334,-0.189340,-0.678182,0.232336,-4.267378,-1.574923,3.326583,0.000000
13.100001,-0.189333,-0.677318,0.230008,-4.265857,-1.574916,3.326591,0.000000
13.133334,-0.189331,-0.676129,0.226429,-4.263357,-1.574905,3.326612,0.000000
13.150001,-0.189324,-0.674896,0.223200,-4.261612,-1.574895,3.326621,0.000000
13.166667,-0.189317,-0.673788,0.220712,-4.260245,-1.574889,3.326627,0.000000
13.183334,-0.189310,-0.672899,0.218666,-4.258956,-1.574883,3.326634,0.000000
13.200001,-0.189304,-0.672178,0.216753,-4.257713,-1.574878,3.326641,0.000000
13.233334,-0.189302,-0.671241,0.213932,-4.255744,-1.574868,3.326658,0.000000
13.250001,-0.189296,-0.670267,0.211400,-4.254383,-1.574861,3.326663,0.000000
13.266667,-0.189291,-0.669398,0.209479,-4.253338,-1.574856,3.326667,0.000000
13.283334,-0.189286,-0.668716,0.207945,-4.252376,-1.574851,3.326672,0.000000
13.300001,-0.189281,-0.668191,0.206562,-4.251476,-1.574847,3.326676,0.000000
13.333334,-0.189279,-0.667563,0.204645,-4.250129,-1.574841,3.326688,0.000000
13.350001,-0.189276,-0.666917,0.202959,-4.249227,-1.574836,3.326692,0.000000
13.366667,-0.189272,-0.666354,0.201740,-4.248573,-1.574832,3.326693,0.000000
13.383334,-0.189268,-0.665941,0.200838,-4.248003,-1.574830,3.326696,0.000000
13.400001,-0.189265,-0.665660,0.200092,-4.247504,-1.574827,3.326698,0.000000
13.433334,-0.189264,-0.665395,0.199217,-4.246864,-1.574824,3.326703,0.000000
13.450001,-0.189263,-0.665139,0.198518,-4.246490,-1.574822,3.326704,0.000000
13.466667,-0.189261,-0.664941,0.198115,-4.246279,-1.574821,3.326705,0.000000
13.483334,-0.189260,-0.664845,0.197944,-4.246157,-1.574821,3.326705,0.000000
13.500001,-0.189259,-0.664844,0.197918,-4.246107,-1.574821,3.326704,0.000000
13.533334,-0.189259,-0.664844,0.197918,-4.246107,-1.574821,3.326704,1150.000000
13.550001,-0.189259,-0.664844,0.197918,-4.246107,-1.574821,3.326704,1150.000000
13.566667,-0.189259,-0.664844,0.197918,-4.246107,-1.574821,3.326704,1150.000000
13.583334,-0.189259,-0.664844,0.197918,-4.246107,-1.574821,3.326704,1150.000000
13.600001,-0.189259,-0.664844,0.197918,-4.246107,-1.574821,3.326704,1150.000000
13.633334,-0.189259,-0.664844,0.197918,-4.246107,-1.574821,3.326704,1150.000000
13.650001,-0.189259,-0.664844,0.197918,-4.246107,-1.574821,3.326704,1150.000000
13.666667,-0.189259,-0.664844,0.197918,-4.246107,-1.574821,3.326704,1150.000000
13.683334,-0.189259,-0.664844,0.197918,-4.246107,-1.574821,3.326704,1150.000000
13.700001,-0.189259,-0.664844,0.197918,-4.246107,-1.574821,3.326704,1150.000000
13.733334,-0.189259,-0.664844,0.197918,-4.246107,-1.574821,3.326704,1150.000000
13.750001,-0.189259,-0.664844,0.197918,-4.246107,-1.574821,3.326704,1150.000000
13.766667,-0.189259,-0.664844,0.197918,-4.246107,-1.574821,3.326704,1150.000000
13.783334,-0.189259,-0.664844,0.197918,-4.246107,-1.574821,3.326704,1150.000000
13.800001,-0.189259,-0.664844,0.197918,-4.246107,-1.574821,3.326704,1150.000000
13.833334,-0.189259,-0.664844,0.197918,-4.246107,-1.574821,3.326704,1150.000000
13.850001,-0.189259,-0.664844,0.197918,-4.246107,-1.574821,3.326704,1150.000000
13.866667,-0.189259,-0.664844,0.197918,-4.246107,-1.574821,3.326704,1150.000000
13.883334,-0.189259,-0.664844,0.197918,-4.246107,-1.574821,3.326704,1150.000000
13.900001,-0.189259,-0.664844,0.197918,-4.246107,-1.574821,3.326704,1150.000000
13.933334,-0.189259,-0.664844,0.197918,-4.246107,-1.574821,3.326704,1150.000000
13.950001,-0.189259,-0.664844,0.197918,-4.246107,-1.574821,3.326704,1150.000000
13.966667,-0.189259,-0.664844,0.197918,-4.246107,-1.574821,3.326704,1150.000000
13.983334,-0.189259,-0.664844,0.197918,-4.246107,-1.574821,3.326704,1150.000000
14.000001,-0.189259,-0.664844,0.197918,-4.246107,-1.574821,3.326704,1150.000000
14.033334,-0.189259,-0.664844,0.197918,-4.246107,-1.574821,3.326704,1150.000000
14.050001,-0.189259,-0.664844,0.197918,-4.246107,-1.574821,3.326704,1150.000000
14.066667,-0.189259,-0.664844,0.197918,-4.246107,-1.574821,3.326704,1150.000000
14.083334,-0.189259,-0.664844,0.197918,-4.246107,-1.574821,3.326704,1150.000000
14.100001,-0.189259,-0.664844,0.197918,-4.246107,-1.574821,3.326704,1150.000000
14.133334,-0.189259,-0.664844,0.197918,-4.246107,-1.574821,3.326704,1150.000000
14.150001,-0.189259,-0.664844,0.197918,-4.246107,-1.574821,3.326704,1150.000000
14.166667,-0.189259,-0.664844,0.197918,-4.246107,-1.574821,3.326704,1150.000000
14.183334,-0.189259,-0.664844,0.197918,-4.246107,-1.574821,3.326704,1150.000000
14.200001,-0.189259,-0.664844,0.197918,-4.246107,-1.574821,3.326704,1150.000000
14.233334,-0.189259,-0.664844,0.197918,-4.246107,-1.574821,3.326704,1150.000000
14.250001,-0.189259,-0.664844,0.197918,-4.246107,-1.574821,3.326704,1150.000000
14.266667,-0.189259,-0.664844,0.197918,-4.246107,-1.574821,3.326704,1150.000000
14.283334,-0.189259,-0.664844,0.197918,-4.246107,-1.574821,3.326704,1150.000000
14.300001,-0.189259,-0.664844,0.197918,-4.246107,-1.574821,3.326704,1150.000000
14.333334,-0.189259,-0.664844,0.197918,-4.246107,-1.574821,3.326704,1150.000000
14.350001,-0.189259,-0.664844,0.197918,-4.246107,-1.574821,3.326704,1150.000000
14.366667,-0.189259,-0.664844,0.197918,-4.246107,-1.574821,3.326704,1150.000000
14.383334,-0.189259,-0.664844,0.197918,-4.246107,-1.574821,3.326704,1150.000000
14.400001,-0.189259,-0.664844,0.197918,-4.246107,-1.574821,3.326704,1150.000000
14.433334,-0.189259,-0.664844,0.197918,-4.246107,-1.574821,3.326704,1150.000000
14.450001,-0.189259,-0.664844,0.197918,-4.246107,-1.574821,3.326704,1150.000000
14.466667,-0.189259,-0.664844,0.197918,-4.246107,-1.574821,3.326704,1150.000000
14.483334,-0.189259,-0.664844,0.197918,-4.246107,-1.574821,3.326704,1150.000000
14.500001,-0.189259,-0.664844,0.197918,-4.246107,-1.574821,3.326704,1150.000000
14.533334,-0.189259,-0.664844,0.197918,-4.246107,-1.574821,3.326704,1150.000000
14.550001,-0.189259,-0.664844,0.197918,-4.246107,-1.574821,3.326704,1150.000000
14.566667,-0.189259,-0.664844,0.197918,-4.246107,-1.574821,3.326704,1150.000000
14.583334,-0.189259,-0.664844,0.197918,-4.246107,-1.574821,3.326704,1150.000000
14.600001,-0.189259,-0.664844,0.197918,-4.246107,-1.574821,3.326704,1150.000000
14.633334,-0.189259,-0.664844,0.197918,-4.246107,-1.574821,3.326704,1150.000000
14.650001,-0.189259,-0.664844,0.197918,-4.246107,-1.574821,3.326704,1150.000000
14.666667,-0.189259,-0.664844,0.197918,-4.246107,-1.574821,3.326704,1150.000000
14.683334,-0.189259,-0.664844,0.197918,-4.246107,-1.574821,3.326704,1150.000000
14.700001,-0.189259,-0.664844,0.197918,-4.246107,-1.574821,3.326704,1150.000000
14.733334,-0.189259,-0.664844,0.197918,-4.246107,-1.574821,3.326704,1150.000000
14.750001,-0.189259,-0.664844,0.197918,-4.246107,-1.574821,3.326704,1150.000000
14.766667,-0.189259,-0.664844,0.197918,-4.246107,-1.574821,3.326704,1150.000000
14.783334,-0.189259,-0.664844,0.197918,-4.246107,-1.574821,3.326704,1150.000000
14.800001,-0.189259,-0.664844,0.197918,-4.246107,-1.574821,3.326704,1150.000000
14.833334,-0.189259,-0.664844,0.197918,-4.246107,-1.574821,3.326704,1150.000000
14.850001,-0.189259,-0.664844,0.197918,-4.246107,-1.574821,3.326704,1150.000000
14.866667,-0.189259,-0.664844,0.197918,-4.246107,-1.574821,3.326704,1150.000000
14.883334,-0.189259,-0.664844,0.197918,-4.246107,-1.574821,3.326704,1150.000000
14.900001,-0.189259,-0.664844,0.197918,-4.246107,-1.574821,3.326704,1150.000000
14.933334,-0.189259,-0.664844,0.197918,-4.246107,-1.574821,3.326704,1150.000000
14.950001,-0.189259,-0.664844,0.197918,-4.246107,-1.574821,3.326704,1150.000000
14.966667,-0.189259,-0.664844,0.197918,-4.246107,-1.574821,3.326704,1150.000000
14.983334,-0.189259,-0.664844,0.197918,-4.246107,-1.574821,3.326704,1150.000000
15.000001,-0.189259,-0.664844,0.197918,-4.246107,-1.574821,3.326704,1150.000000
15.033334,-0.189259,-0.664844,0.197918,-4.246107,-1.574821,3.326704,1150.000000
15.050001,-0.189259,-0.664844,0.197918,-4.246107,-1.574821,3.326704,1150.000000
15.066667,-0.189259,-0.664844,0.197918,-4.246107,-1.574821,3.326704,1150.000000
15.083334,-0.189259,-0.664844,0.197918,-4.246107,-1.574821,3.326704,1150.000000
15.100001,-0.189259,-0.664844,0.197918,-4.246107,-1.574821,3.326704,1150.000000
15.133334,-0.189259,-0.664844,0.197918,-4.246107,-1.574821,3.326704,1150.000000
15.150001,-0.189259,-0.664844,0.197918,-4.246107,-1.574821,3.326704,1150.000000
15.166667,-0.189259,-0.664844,0.197918,-4.246107,-1.574821,3.326704,1150.000000
15.183334,-0.189259,-0.664844,0.197918,-4.246107,-1.574821,3.326704,1150.000000
15.200001,-0.189259,-0.664844,0.197918,-4.246107,-1.574821,3.326704,1150.000000
15.233334,-0.189259,-0.664844,0.197918,-4.246107,-1.574821,3.326704,1150.000000
15.250001,-0.189259,-0.664844,0.197918,-4.246107,-1.574821,3.326704,1150.000000
15.266667,-0.189259,-0.664844,0.197918,-4.246107,-1.574821,3.326704,1150.000000
15.283334,-0.189259,-0.664844,0.197918,-4.246107,-1.574821,3.326704,1150.000000
15.300001,-0.189259,-0.664844,0.197918,-4.246107,-1.574821,3.326704,1150.000000
15.333334,-0.189259,-0.664844,0.197918,-4.246107,-1.574821,3.326704,1150.000000
15.350001,-0.189259,-0.664844,0.197918,-4.246107,-1.574821,3.326704,1150.000000
15.366667,-0.189259,-0.664844,0.197918,-4.246107,-1.574821,3.326704,1150.000000
15.383334,-0.189259,-0.664844,0.197918,-4.246107,-1.574821,3.326704,1150.000000
15.400001,-0.189259,-0.664844,0.197918,-4.246107,-1.574821,3.326704,1150.000000
15.433334,-0.189259,-0.664844,0.197918,-4.246107,-1.574821,3.326704,1150.000000
15.450001,-0.189259,-0.664844,0.197918,-4.246107,-1.574821,3.326704,1150.000000
15.466667,-0.189259,-0.664844,0.197918,-4.246107,-1.574821,3.326704,1150.000000
15.483334,-0.189259,-0.664844,0.197918,-4.246107,-1.574821,3.326704,1150.000000
15.500001,-0.189259,-0.664844,0.197918,-4.246107,-1.574821,3.326704,1150.000000
15.533334,-0.189259,-0.664844,0.197918,-4.246107,-1.574821,3.326704,1150.000000
15.550001,-0.189259,-0.664844,0.197918,-4.246107,-1.574821,3.326704,1150.000000
15.566667,-0.189259,-0.664844,0.197918,-4.246107,-1.574821,3.326704,1150.000000
15.583334,-0.189259,-0.664844,0.197918,-4.246107,-1.574821,3.326704,1150.000000
15.600001,-0.189259,-0.664844,0.197918,-4.246107,-1.574821,3.326704,1150.000000
15.633334,-0.189259,-0.664844,0.197918,-4.246107,-1.574821,3.326704,1150.000000
15.650001,-0.189259,-0.664844,0.197918,-4.246107,-1.574821,3.326704,1150.000000
15.666667,-0.189259,-0.664844,0.197918,-4.246107,-1.574821,3.326704,1150.000000
15.683334,-0.189259,-0.664844,0.197918,-4.246107,-1.574821,3.326704,1150.000000
15.700001,-0.189259,-0.664844,0.197918,-4.246107,-1.574821,3.326704,1150.000000
15.733334,-0.189259,-0.664844,0.197918,-4.246107,-1.574821,3.326704,1150.000000
15.750001,-0.189259,-0.664844,0.197918,-4.246107,-1.574821,3.326704,1150.000000
15.766667,-0.189259,-0.664844,0.197918,-4.246107,-1.574821,3.326704,1150.000000
15.783334,-0.189259,-0.664844,0.197918,-4.246107,-1.574821,3.326704,1150.000000
15.800001,-0.189259,-0.664844,0.197918,-4.246107,-1.574821,3.326704,1150.000000
15.833334,-0.189259,-0.664844,0.197918,-4.246107,-1.574821,3.326704,1150.000000
15.850001,-0.189259,-0.664844,0.197918,-4.246107,-1.574821,3.326704,1150.000000
15.866667,-0.189259,-0.664844,0.197918,-4.246107,-1.574821,3.326704,1150.000000
15.883334,-0.189259,-0.664844,0.197918,-4.246107,-1.574821,3.326704,1150.000000
15.900001,-0.189259,-0.664844,0.197918,-4.246107,-1.574821,3.326704,1150.000000
15.933334,-0.189259,-0.664844,0.197918,-4.246107,-1.574821,3.326704,1150.000000
15.950001,-0.189259,-0.664844,0.197918,-4.246107,-1.574821,3.326704,1150.000000
15.966667,-0.189259,-0.664844,0.197918,-4.246107,-1.574821,3.326704,1150.000000
15.983334,-0.189259,-0.664844,0.197918,-4.246107,-1.574821,3.326704,1150.000000
16.000001,-0.189259,-0.664844,0.197918,-4.246107,-1.574821,3.326704,1150.000000
16.033334,-0.189259,-0.664844,0.197918,-4.246107,-1.574821,3.326704,1150.000000
16.050001,-0.189259,-0.664844,0.197918,-4.246107,-1.574821,3.326704,1150.000000
16.066668,-0.189259,-0.664844,0.197918,-4.246107,-1.574821,3.326704,1150.000000
16.083334,-0.189259,-0.664844,0.197918,-4.246107,-1.574821,3.326704,1150.000000
16.100001,-0.189259,-0.664844,0.197918,-4.246107,-1.574821,3.326704,1150.000000
16.133334,-0.189259,-0.664844,0.197918,-4.246107,-1.574821,3.326704,1150.000000
16.150001,-0.189259,-0.664844,0.197918,-4.246107,-1.574821,3.326704,1150.000000
16.166668,-0.189259,-0.664844,0.197918,-4.246107,-1.574821,3.326704,1150.000000
16.183334,-0.189259,-0.664844,0.197918,-4.246107,-1.574821,3.326704,1150.000000
16.200001,-0.189259,-0.664844,0.197918,-4.246107,-1.574821,3.326704,1150.000000
16.233334,-0.189259,-0.664844,0.197918,-4.246107,-1.574821,3.326704,1150.000000
16.250001,-0.189259,-0.664844,0.197918,-4.246107,-1.574821,3.326704,1150.000000
16.266668,-0.189259,-0.664844,0.197918,-4.246107,-1.574821,3.326704,1150.000000
16.283334,-0.189259,-0.664844,0.197918,-4.246107,-1.574821,3.326704,1150.000000
16.300001,-0.189259,-0.664844,0.197918,-4.246107,-1.574821,3.326704,1150.000000
16.333334,-0.189259,-0.664844,0.197918,-4.246107,-1.574821,3.326704,1150.000000
16.350001,-0.189259,-0.664844,0.197918,-4.246107,-1.574821,3.326704,1150.000000
16.366668,-0.189259,-0.664844,0.197918,-4.246107,-1.574821,3.326704,1150.000000
16.383334,-0.189259,-0.664844,0.197918,-4.246107,-1.574821,3.326704,1150.000000
16.400001,-0.189259,-0.664844,0.197918,-4.246107,-1.574821,3.326704,1150.000000
16.433334,-0.189259,-0.664844,0.197918,-4.246107,-1.574821,3.326704,1150.000000
16.450001,-0.189259,-0.664844,0.197918,-4.246107,-1.574821,3.326704,1150.000000
16.466668,-0.189259,-0.664844,0.197918,-4.246107,-1.574821,3.326704,1150.000000
16.483334,-0.189259,-0.664844,0.197918,-4.246107,-1.574821,3.326704,1150.000000
16.500001,-0.189259,-0.664844,0.197918,-4.246107,-1.574821,3.326704,1150.000000
16.533334,-0.189259,-0.664844,0.197918,-4.246107,-1.574821,3.326704,1150.000000
16.550001,-0.189259,-0.664844,0.197918,-4.246107,-1.574821,3.326704,1150.000000
16.566668,-0.189259,-0.664844,0.197918,-4.246107,-1.574821,3.326704,1150.000000
16.583334,-0.189259,-0.664844,0.197918,-4.246107,-1.574821,3.326704,1150.000000
16.600001,-0.189259,-0.664844,0.197918,-4.246107,-1.574821,3.326704,1150.000000
16.633334,-0.189259,-0.664844,0.197918,-4.246107,-1.574821,3.326704,1150.000000
16.650001,-0.189259,-0.664844,0.197918,-4.246107,-1.574821,3.326704,1150.000000
16.666668,-0.189259,-0.664844,0.197918,-4.246107,-1.574821,3.326704,1150.000000
16.683334,-0.189259,-0.664844,0.197918,-4.246107,-1.574821,3.326704,1150.000000
16.700001,-0.189259,-0.664844,0.197918,-4.246107,-1.574821,3.326704,1150.000000
16.733334,-0.189259,-0.664844,0.197918,-4.246107,-1.574821,3.326704,1150.000000
16.750001,-0.189259,-0.664844,0.197918,-4.246107,-1.574821,3.326704,1150.000000
16.766668,-0.189259,-0.664844,0.197918,-4.246107,-1.574821,3.326704,1150.000000
16.783334,-0.189259,-0.664844,0.197918,-4.246107,-1.574821,3.326704,1150.000000
16.800001,-0.189259,-0.664844,0.197918,-4.246107,-1.574821,3.326704,1150.000000
16.833334,-0.189259,-0.664844,0.197918,-4.246107,-1.574821,3.326704,1150.000000
16.850001,-0.189259,-0.664844,0.197918,-4.246107,-1.574821,3.326704,1150.000000
16.866668,-0.189259,-0.664844,0.197918,-4.246107,-1.574821,3.326704,1150.000000
16.883334,-0.189259,-0.664844,0.197918,-4.246107,-1.574821,3.326704,1150.000000
16.900001,-0.189259,-0.664844,0.197918,-4.246107,-1.574821,3.326704,1150.000000
16.933334,-0.189259,-0.664844,0.197918,-4.246107,-1.574821,3.326704,1150.000000
16.950001,-0.189259,-0.664844,0.197918,-4.246107,-1.574821,3.326704,1150.000000
16.966668,-0.189259,-0.664844,0.197918,-4.246107,-1.574821,3.326704,1150.000000
16.983334,-0.189259,-0.664844,0.197918,-4.246107,-1.574821,3.326704,1150.000000
17.000001,-0.189259,-0.664844,0.197918,-4.246107,-1.574821,3.326704,1150.000000
17.033334,-0.189259,-0.664844,0.197918,-4.246107,-1.574821,3.326704,1150.000000
17.050001,-0.189259,-0.664844,0.197918,-4.246107,-1.574821,3.326704,1150.000000
17.066668,-0.189259,-0.664844,0.197918,-4.246107,-1.574821,3.326704,1150.000000
17.083334,-0.189259,-0.664844,0.197918,-4.246107,-1.574821,3.326704,1150.000000
17.100001,-0.189259,-0.664844,0.197918,-4.246107,-1.574821,3.326704,1150.000000
17.133334,-0.189259,-0.664844,0.197918,-4.246107,-1.574821,3.326704,1150.000000
17.150001,-0.189259,-0.664844,0.197918,-4.246107,-1.574821,3.326704,1150.000000
17.166668,-0.189259,-0.664844,0.197918,-4.246107,-1.574821,3.326704,1150.000000
17.183334,-0.189259,-0.664844,0.197918,-4.246107,-1.574821,3.326704,1150.000000
17.200001,-0.189259,-0.664844,0.197918,-4.246107,-1.574821,3.326704,1150.000000
17.233334,-0.189259,-0.664844,0.197918,-4.246107,-1.574821,3.326704,1150.000000
17.250001,-0.189259,-0.664844,0.197918,-4.246107,-1.574821,3.326704,1150.000000
17.266668,-0.189259,-0.664844,0.197918,-4.246107,-1.574821,3.326704,1150.000000
17.283334,-0.189259,-0.664844,0.197918,-4.246107,-1.574821,3.326704,1150.000000
17.300001,-0.189259,-0.664844,0.197918,-4.246107,-1.574821,3.326704,1150.000000
17.333334,-0.189259,-0.664844,0.197918,-4.246107,-1.574821,3.326704,1150.000000
17.350001,-0.189259,-0.664844,0.197918,-4.246107,-1.574821,3.326704,1150.000000
17.366668,-0.189259,-0.664844,0.197918,-4.246107,-1.574821,3.326704,1150.000000
17.383334,-0.189259,-0.664844,0.197918,-4.246107,-1.574821,3.326704,1150.000000
17.400001,-0.189259,-0.664844,0.197918,-4.246107,-1.574821,3.326704,1150.000000
17.433334,-0.189259,-0.664844,0.197918,-4.246107,-1.574821,3.326704,1150.000000
17.450001,-0.189259,-0.664844,0.197918,-4.246107,-1.574821,3.326704,1150.000000
17.466668,-0.189259,-0.664844,0.197918,-4.246107,-1.574821,3.326704,1150.000000
17.483334,-0.189259,-0.664844,0.197918,-4.246107,-1.574821,3.326704,1150.000000
17.500001,-0.189259,-0.664844,0.197918,-4.246107,-1.574821,3.326704,1150.000000
17.533334,-0.189259,-0.664844,0.197918,-4.246107,-1.574821,3.326704,1150.000000
17.550001,-0.189259,-0.664844,0.197918,-4.246107,-1.574821,3.326704,1150.000000
17.566668,-0.189259,-0.664844,0.197918,-4.246107,-1.574821,3.326704,1150.000000
17.583334,-0.189259,-0.664844,0.197918,-4.246107,-1.574821,3.326704,1150.000000
17.600001,-0.189259,-0.664844,0.197918,-4.246107,-1.574821,3.326704,1150.000000
17.633334,-0.189259,-0.664844,0.197918,-4.246107,-1.574821,3.326704,1150.000000
17.650001,-0.189259,-0.664844,0.197918,-4.246107,-1.574821,3.326704,1150.000000
17.666668,-0.189259,-0.664844,0.197918,-4.246107,-1.574821,3.326704,1150.000000
17.683334,-0.189259,-0.664844,0.197918,-4.246107,-1.574821,3.326704,1150.000000
17.700001,-0.189259,-0.664844,0.197918,-4.246107,-1.574821,3.326704,1150.000000
17.733334,-0.189259,-0.664844,0.197918,-4.246107,-1.574821,3.326704,1150.000000
17.750001,-0.189259,-0.664844,0.197918,-4.246107,-1.574821,3.326704,1150.000000
17.766668,-0.189259,-0.664844,0.197918,-4.246107,-1.574821,3.326704,1150.000000
17.783334,-0.189259,-0.664844,0.197918,-4.246107,-1.574821,3.326704,1150.000000
17.800001,-0.189259,-0.664844,0.197918,-4.246107,-1.574821,3.326704,1150.000000
17.833334,-0.189259,-0.664844,0.197918,-4.246107,-1.574821,3.326704,1150.000000
17.850001,-0.189259,-0.664844,0.197918,-4.246107,-1.574821,3.326704,1150.000000
17.866668,-0.189259,-0.664844,0.197918,-4.246107,-1.574821,3.326704,1150.000000
17.883334,-0.189259,-0.664844,0.197918,-4.246107,-1.574821,3.326704,1150.000000
17.900001,-0.189259,-0.664844,0.197918,-4.246107,-1.574821,3.326704,1150.000000
17.933334,-0.189259,-0.664844,0.197918,-4.246107,-1.574821,3.326704,1150.000000
17.950001,-0.189259,-0.664844,0.197918,-4.246107,-1.574821,3.326704,1150.000000
17.966668,-0.189259,-0.664844,0.197918,-4.246107,-1.574821,3.326704,1150.000000
17.983334,-0.189259,-0.664844,0.197918,-4.246107,-1.574821,3.326704,1150.000000
18.000001,-0.189259,-0.664844,0.197918,-4.246107,-1.574821,3.326704,1150.000000
18.033334,-0.189259,-0.664844,0.197918,-4.246107,-1.574821,3.326704,1150.000000
18.050001,-0.189259,-0.664844,0.197918,-4.246107,-1.574821,3.326704,1150.000000
18.066668,-0.189259,-0.664844,0.197918,-4.246107,-1.574821,3.326704,1150.000000
18.083334,-0.189259,-0.664844,0.197918,-4.246107,-1.574821,3.326704,1150.000000
18.100001,-0.189259,-0.664844,0.197918,-4.246107,-1.574821,3.326704,1150.000000
18.133334,-0.189259,-0.664844,0.197918,-4.246107,-1.574821,3.326704,1150.000000
18.150001,-0.189259,-0.664844,0.197918,-4.246107,-1.574821,3.326704,1150.000000
18.166668,-0.189259,-0.664844,0.197918,-4.246107,-1.574821,3.326704,1150.000000
18.183334,-0.189259,-0.664844,0.197918,-4.246107,-1.574821,3.326704,1150.000000
18.200001,-0.189259,-0.664844,0.197918,-4.246107,-1.574821,3.326704,1150.000000
18.233334,-0.189259,-0.664844,0.197918,-4.246107,-1.574821,3.326704,1150.000000
18.250001,-0.189259,-0.664844,0.197918,-4.246107,-1.574821,3.326704,1150.000000
18.266668,-0.189259,-0.664844,0.197918,-4.246107,-1.574821,3.326704,1150.000000
18.283334,-0.189259,-0.664844,0.197918,-4.246107,-1.574821,3.326704,1150.000000
18.300001,-0.189259,-0.664844,0.197918,-4.246107,-1.574821,3.326704,1150.000000
18.333334,-0.189259,-0.664844,0.197918,-4.246107,-1.574821,3.326704,1150.000000
18.350001,-0.189259,-0.664844,0.197918,-4.246107,-1.574821,3.326704,1150.000000
18.366668,-0.189259,-0.664844,0.197918,-4.246107,-1.574821,3.326704,1150.000000
18.383334,-0.189259,-0.664844,0.197918,-4.246107,-1.574821,3.326704,1150.000000
18.400001,-0.189259,-0.664844,0.197918,-4.246107,-1.574821,3.326704,1150.000000
18.433334,-0.189259,-0.664844,0.197918,-4.246107,-1.574821,3.326704,1150.000000
18.450001,-0.189259,-0.664844,0.197918,-4.246107,-1.574821,3.326704,1150.000000
18.466668,-0.189259,-0.664844,0.197918,-4.246107,-1.574821,3.326704,1150.000000
18.483334,-0.189259,-0.664844,0.197918,-4.246107,-1.574821,3.326704,1150.000000
18.500001,-0.189259,-0.664844,0.197918,-4.246107,-1.574821,3.326704,1150.000000
18.533334,-0.189259,-0.664844,0.197918,-4.246107,-1.574821,3.326704,1150.000000
18.550001,-0.189259,-0.664844,0.197918,-4.246107,-1.574821,3.326704,1150.000000
18.566668,-0.189259,-0.664844,0.197918,-4.246107,-1.574821,3.326704,1150.000000
18.583334,-0.189259,-0.664844,0.197918,-4.246107,-1.574821,3.326704,1150.000000
18.600001,-0.189259,-0.664844,0.197918,-4.246107,-1.574821,3.326704,1150.000000
18.633334,-0.189259,-0.664844,0.197918,-4.246107,-1.574821,3.326704,1150.000000
18.650001,-0.189259,-0.664844,0.197918,-4.246107,-1.574821,3.326704,1150.000000
18.666668,-0.189259,-0.664844,0.197918,-4.246107,-1.574821,3.326704,1150.000000
18.683334,-0.189259,-0.664844,0.197918,-4.246107,-1.574821,3.326704,1150.000000
18.700001,-0.189259,-0.664844,0.197918,-4.246107,-1.574821,3.326704,1150.000000
18.733334,-0.189259,-0.664844,0.197918,-4.246107,-1.574821,3.326704,1150.000000
18.750001,-0.189259,-0.664844,0.197918,-4.246107,-1.574821,3.326704,1150.000000
18.766668,-0.189259,-0.664844,0.197918,-4.246107,-1.574821,3.326704,1150.000000
18.783334,-0.189259,-0.664844,0.197918,-4.246107,-1.574821,3.326704,1150.000000
18.800001,-0.189259,-0.664844,0.197918,-4.246107,-1.574821,3.326704,1150.000000
18.833334,-0.189259,-0.664844,0.197918,-4.246107,-1.574821,3.326704,1150.000000
18.850001,-0.189259,-0.664844,0.197918,-4.246107,-1.574821,3.326704,1150.000000
18.866668,-0.189259,-0.664844,0.197918,-4.246107,-1.574821,3.326704,1150.000000
18.883334,-0.189259,-0.664844,0.197918,-4.246107,-1.574821,3.326704,1150.000000
18.900001,-0.189259,-0.664844,0.197918,-4.246107,-1.574821,3.326704,1150.000000
18.933334,-0.189259,-0.664844,0.197918,-4.246107,-1.574821,3.326704,1150.000000
18.950001,-0.189259,-0.664844,0.197918,-4.246107,-1.574821,3.326704,1150.000000
18.966668,-0.189259,-0.664844,0.197918,-4.246107,-1.574821,3.326704,1150.000000
18.983334,-0.189259,-0.664844,0.197918,-4.246107,-1.574821,3.326704,1150.000000
19.000001,-0.189259,-0.664844,0.197918,-4.246107,-1.574821,3.326704,1150.000000
19.033334,-0.189259,-0.664844,0.197918,-4.246107,-1.574821,3.326704,1150.000000
19.050001,-0.189259,-0.664844,0.197918,-4.246107,-1.574821,3.326704,1150.000000
19.066668,-0.189259,-0.664844,0.197918,-4.246107,-1.574821,3.326704,1150.000000
19.083334,-0.189259,-0.664844,0.197918,-4.246107,-1.574821,3.326704,1150.000000
19.100001,-0.189259,-0.664844,0.197918,-4.246107,-1.574821,3.326704,1150.000000
19.133334,-0.189259,-0.664844,0.197918,-4.246107,-1.574821,3.326704,1150.000000
19.150001,-0.189259,-0.664844,0.197918,-4.246107,-1.574821,3.326704,1150.000000
19.166668,-0.189259,-0.664844,0.197918,-4.246107,-1.574821,3.326704,1150.000000
19.183334,-0.189259,-0.664844,0.197918,-4.246107,-1.574821,3.326704,1150.000000
19.200001,-0.189259,-0.664844,0.197918,-4.246107,-1.574821,3.326704,1150.000000
19.233334,-0.189259,-0.664844,0.197918,-4.246107,-1.574821,3.326704,1150.000000
19.250001,-0.189259,-0.664844,0.197918,-4.246107,-1.574821,3.326704,1150.000000
19.266668,-0.189259,-0.664844,0.197918,-4.246107,-1.574821,3.326704,1150.000000
19.283334,-0.189259,-0.664844,0.197918,-4.246107,-1.574821,3.326704,1150.000000
19.300001,-0.189259,-0.664844,0.197918,-4.246107,-1.574821,3.326704,1150.000000
19.333334,-0.189259,-0.664844,0.197918,-4.246107,-1.574821,3.326704,1150.000000
19.350001,-0.189259,-0.664844,0.197918,-4.246107,-1.574821,3.326704,1150.000000
19.366668,-0.189259,-0.664844,0.197918,-4.246107,-1.574821,3.326704,1150.000000
19.383334,-0.189259,-0.664844,0.197918,-4.246107,-1.574821,3.326704,1150.000000
19.400001,-0.189259,-0.664844,0.197918,-4.246107,-1.574821,3.326704,1150.000000
19.433334,-0.189259,-0.664844,0.197918,-4.246107,-1.574821,3.326704,1150.000000
19.450001,-0.189259,-0.664844,0.197918,-4.246107,-1.574821,3.326704,1150.000000
19.466668,-0.189259,-0.664844,0.197918,-4.246107,-1.574821,3.326704,1150.000000
19.483334,-0.189259,-0.664844,0.197918,-4.246107,-1.574821,3.326704,1150.000000
19.500001,-0.189259,-0.664844,0.197918,-4.246107,-1.574821,3.326704,1150.000000
19.533334,-0.189259,-0.664844,0.197918,-4.246107,-1.574821,3.326704,1150.000000
19.550001,-0.189259,-0.664844,0.197918,-4.246107,-1.574821,3.326704,1150.000000
19.566668,-0.189259,-0.664844,0.197918,-4.246107,-1.574821,3.326704,1150.000000
19.583334,-0.189259,-0.664844,0.197918,-4.246107,-1.574821,3.326704,1150.000000
19.600001,-0.189259,-0.664844,0.197918,-4.246107,-1.574821,3.326704,1150.000000
19.633334,-0.189259,-0.664844,0.197918,-4.246107,-1.574821,3.326704,1150.000000
19.650001,-0.189259,-0.664844,0.197918,-4.246107,-1.574821,3.326704,1150.000000
19.666668,-0.189259,-0.664844,0.197918,-4.246107,-1.574821,3.326704,1150.000000
19.683334,-0.189259,-0.664844,0.197918,-4.246107,-1.574821,3.326704,1150.000000
19.700001,-0.189259,-0.664844,0.197918,-4.246107,-1.574821,3.326704,1150.000000
19.733334,-0.189259,-0.664844,0.197918,-4.246107,-1.574821,3.326704,1150.000000
19.750001,-0.189259,-0.664844,0.197918,-4.246107,-1.574821,3.326704,1150.000000
19.766668,-0.189259,-0.664844,0.197918,-4.246107,-1.574821,3.326704,1150.000000
19.783334,-0.189259,-0.664844,0.197918,-4.246107,-1.574821,3.326704,1150.000000
19.800001,-0.189259,-0.664844,0.197918,-4.246107,-1.574821,3.326704,1150.000000
19.833334,-0.189259,-0.664844,0.197918,-4.246107,-1.574821,3.326704,1150.000000
